,Puntaje
2069,100
2070,100
2071,100
2072,100
2073,100
2074,100
2075,100
2076,100
2077,100
2078,100
2079,100
2080,100
2081,100
2082,100
2083,100
2084,100
2085,100
2086,100
2087,100
2088,100
2089,100
2090,100
2091,100
2092,100
2093,100
2094,100
2095,100
2096,100
2097,100
2098,100
2099,100
2100,100
2101,100
2102,100
2103,100
2104,100
2105,100
2106,100
2107,100
2108,100
2109,100
2110,100
2111,100
2112,100
2113,100
2114,100
2115,100
2116,100
2117,100
2118,100
2119,100
2120,100
2121,100
2122,100
2123,100
2124,100
2125,100
2126,100
2127,100
2128,100
2129,100
2130,100
2131,100
2132,100
2133,100
2134,100
2135,100
2136,100
2137,100
2138,100
2139,100
2140,100
2141,100
2142,100
2143,100
2144,100
2145,100
2146,100
2147,100
2148,100
2149,100
2150,100
2151,100
2152,100
2153,100
2154,100
2155,100
2156,100
2157,100
2158,100
2159,100
2160,100
2161,100
2162,100
2163,100
2164,100
2165,100
2166,100
2167,100
2168,100
2169,100
2170,100
2171,100
2172,100
2173,100
2174,100
2175,100
2176,100
2177,100
2178,100
2179,100
2180,100
2181,100
2182,100
2183,100
2184,100
2185,100
2186,100
2187,100
2188,100
2189,100
2190,100
2191,100
2192,100
2193,100
2194,100
2195,100
2196,100
2197,100
2198,100
2199,100
2200,100
2201,100
2202,100
2203,100
2204,100
2205,100
2206,100
2207,100
2208,100
2209,100
2210,100
2211,100
2212,100
2213,100
2214,100
2215,100
2216,100
2217,100
2218,100
2219,100
2220,100
2221,100
2222,100
2223,100
2224,100
2225,100
2226,100
2227,100
2228,100
2229,100
2230,100
2231,100
2232,100
2233,100
2234,100
2235,100
2236,100
2237,100
2238,100
2239,100
2240,100
2241,100
2242,100
2243,100
2244,100
2245,100
2246,100
2247,100
2248,100
2249,100
2250,100
2251,100
2252,100
2253,100
2254,100
2255,100
2256,100
2257,100
2258,100
2259,100
2260,100
2261,100
2262,100
2263,100
2264,100
2265,100
2266,100
2267,100
2268,100
2269,100
2270,100
2271,100
2272,100
2273,100
2274,100
2275,100
2276,100
2277,100
2278,100
2279,100
2280,100
2281,100
2282,100
2283,100
2284,100
2285,100
2286,100
2287,100
2288,100
2289,100
2290,100
2291,100
2292,100
2293,100
2294,100
2295,100
2296,100
2297,100
2298,100
2299,100
2300,100
2301,100
2302,100
2303,100
2304,100
2305,100
2306,100
2307,100
2308,100
2309,100
2310,100
2311,100
2312,100
2313,100
2314,100
2315,100
2316,100
2317,100
2318,100
2319,100
2320,100
2321,100
2322,100
2323,100
2324,100
2325,100
2326,100
2327,100
2328,100
2329,100
2330,100
2331,100
2332,100
2333,100
2334,100
2335,100
2336,100
2337,100
2338,100
2339,100
2340,100
2341,100
2342,100
2343,100
2344,100
2345,100
2346,100
2347,100
2348,100
2349,100
2350,100
2351,100
2352,100
2353,100
2354,100
2355,100
2356,100
2357,100
2358,100
2359,100
2360,100
2361,100
2362,100
2363,100
2364,100
2365,100
2366,100
2367,100
2368,100
2369,100
2370,100
2371,100
2372,100
2373,100
2374,100
2375,100
2376,100
2377,100
2378,100
2379,100
2380,100
2381,100
2382,100
2383,100
2384,100
2385,100
2386,100
2387,100
2388,100
2389,100
2390,100
2391,100
2392,100
2393,100
2394,100
2395,100
2396,100
2397,100
2398,100
2399,100
2400,100
2401,100
2402,100
2403,100
2404,100
2405,100
2406,100
2407,100
2408,100
2409,100
2410,100
2411,100
2412,100
2413,100
2414,100
2415,100
2416,100
2417,100
2418,100
2419,100
2420,100
2421,100
2422,100
2423,100
2424,100
2425,100
2426,100
2427,100
2428,100
2429,100
2430,100
2431,100
2432,100
2433,100
2434,100
2435,100
2436,100
2437,100
2438,100
2439,100
2440,100
2441,100
2442,100
2443,100
2444,100
2445,100
2446,100
2447,100
2448,100
2449,100
2450,100
2451,100
2452,100
2453,100
2454,100
2455,100
2456,100
2457,100
2458,100
2459,100
2460,100
2461,100
2462,100
2463,100
2464,100
2465,100
2466,100
2467,100
2468,100
2469,100
2470,100
2471,100
2472,100
2473,100
2474,100
2475,100
2476,100
2477,100
2478,100
2479,100
2480,100
2481,100
2482,100
2483,100
2484,100
2485,100
2486,100
2487,100
2488,100
2489,100
2490,100
2491,100
2492,100
2493,100
2494,100
2495,100
2496,100
2497,100
2498,100
2499,100
2500,100
2501,100
2502,100
2503,100
2504,100
2505,100
2506,100
2507,100
2508,100
2509,100
2510,100
2511,100
2512,100
2513,100
2514,100
2515,100
2516,100
2517,100
2518,100
2519,100
2520,100
2521,100
2522,100
2523,100
2524,100
2525,100
2526,100
2527,100
2528,100
2529,100
2530,100
2531,100
2532,100
2533,100
2534,100
2535,100
2536,100
2537,100
2538,100
2539,100
2540,100
2541,100
2542,100
2543,100
2544,100
2545,100
2546,100
2547,100
2548,100
2549,100
2550,100
2551,100
2552,100
2553,100
2554,100
2555,100
2556,100
2557,100
2558,100
2559,100
2560,100
2561,100
2562,100
2563,100
2564,100
2565,100
2566,100
2567,100
2568,100
2569,100
2570,100
2571,100
2572,100
2573,100
2574,100
2575,100
2576,100
2577,100
2578,100
2579,100
2580,100
2581,100
2582,100
2583,100
2584,100
2585,100
2586,100
2587,100
2588,100
2589,100
2590,100
2591,100
2592,100
2593,100
2594,100
2595,100
2596,100
2597,100
2598,100
2599,100
2600,100
2601,100
2602,100
2603,100
2604,100
2605,100
2606,100
2607,100
2608,100
2609,100
2610,100
2611,100
2612,100
2613,100
2614,100
2615,100
2616,100
2617,100
2618,100
2619,100
2620,100
2621,100
2622,100
2623,100
2624,100
2625,100
2626,100
2627,100
2628,100
2629,100
2630,100
2631,100
2632,100
2633,100
2634,100
2635,100
2636,100
2637,100
2638,100
2639,100
2640,100
2641,100
2642,100
2643,100
2644,100
2645,100
2646,100
2647,100
2648,100
2649,100
2650,100
2651,100
2652,100
2653,100
2654,100
2655,100
2656,100
2657,100
2658,100
2659,100
2660,100
2661,100
2662,100
2663,100
2664,100
2665,100
2666,100
2667,100
2668,100
2669,100
2670,100
2671,100
2672,100
2673,100
2674,100
2675,100
2676,100
2677,100
2678,100
2679,100
2680,100
2681,100
2682,100
2683,100
2684,100
2685,100
2686,100
2687,100
2688,100
2689,100
2690,100
2691,100
2692,100
2693,100
2694,100
2695,100
2696,100
2697,100
2698,100
2699,100
2700,100
2701,100
2702,100
2703,100
2704,100
2705,100
2706,100
2707,100
2708,100
2709,100
2710,100
2711,100
2712,100
2713,100
2714,100
2715,100
2716,100
2717,100
2718,100
2719,100
2720,100
2721,100
2722,100
2723,100
2724,100
2725,100
2726,100
2727,100
2728,100
2729,100
2730,100
2731,100
2732,100
2733,100
2734,100
2735,100
2736,100
2737,100
2738,100
2739,100
2740,100
2741,100
2742,100
2743,100
2744,100
2745,100
2746,100
2747,100
2748,100
2749,100
2750,100
2751,100
2752,100
2753,100
2754,100
2755,100
2756,100
2757,100
2758,100
2759,100
2760,100
2761,100
2762,100
2763,100
2764,100
2765,100
2766,100
2767,100
2768,100
2769,100
2770,100
2771,100
2772,100
2773,100
2774,100
2775,100
2776,100
2777,100
2778,100
2779,100
2780,100
2781,100
2782,100
2783,100
2784,100
2785,100
2786,100
2787,100
2788,100
2789,100
2790,100
2791,100
2792,100
2793,100
2794,100
2795,100
2796,100
2797,100
2798,100
2799,100
2800,100
2801,100
2802,100
2803,100
2804,100
2805,100
2806,100
2807,100
2808,100
2809,100
2810,100
2811,100
2812,100
2813,100
2814,100
2815,100
2816,100
2817,100
2818,100
2819,100
2820,100
2821,100
2822,100
2823,100
2824,100
2825,100
2826,100
2827,100
2828,100
2829,100
2830,100
2831,100
2832,100
2833,100
2834,100
2835,100
2836,100
2837,100
2838,100
2839,100
2840,100
2841,100
2842,100
2843,100
2844,100
2845,100
2846,100
2847,100
2848,100
2849,100
2850,100
2851,100
2852,100
2853,100
2854,100
2855,100
2856,100
2857,100
2858,100
2859,100
2860,100
2861,100
2862,100
2863,100
2864,100
2865,100
2866,100
2867,100
2868,100
2869,100
2870,100
2871,100
2872,100
2873,100
2874,100
2875,100
2876,100
2877,100
2878,100
2879,100
2880,100
2881,100
2882,100
2883,100
2884,100
2885,100
2886,100
2887,100
2888,100
2889,100
2890,100
2891,100
2892,100
2893,100
2894,100
2895,100
2896,100
2897,100
2898,100
2899,100
2900,100
2901,100
2902,100
2903,100
2904,100
2905,100
2906,100
2907,100
2908,100
2909,100
2910,100
2911,100
2912,100
2913,100
2914,100
2915,100
2916,100
2917,100
2918,100
2919,100
2920,100
2921,100
2922,100
2923,100
2924,100
2925,100
2926,100
2927,100
2928,100
2929,100
2930,100
2931,100
2932,100
2933,100
2934,100
2935,100
2936,100
2937,100
2938,100
2939,100
2940,100
2941,100
2942,100
2943,100
2944,100
2945,100
2946,100
2947,100
2948,100
2949,100
2950,100
2951,100
2952,100
2953,100
2954,100
2955,100
2956,100
2957,100
2958,100
2959,100
2960,100
2961,100
2962,100
2963,100
2964,100
2965,100
2966,100
2967,100
2968,100
2969,100
2970,100
2971,100
2972,100
2973,100
2974,100
2975,100
2976,100
2977,100
2978,100
2979,100
2980,100
2981,100
2982,100
2983,100
2984,100
2985,100
2986,100
2987,100
2988,100
2989,100
2990,100
2991,100
2992,100
2993,100
2994,100
2995,100
2996,100
2997,100
2998,100
2999,100
3000,100
3001,100
3002,100
3003,100
3004,100
3005,100
3006,100
3007,100
3008,100
3009,100
3010,100
3011,100
3012,100
3013,100
3014,100
3015,100
3016,100
3017,100
3018,100
3019,100
3020,100
3021,100
3022,100
3023,100
3024,100
3025,100
3026,100
3027,100
3028,100
3029,100
3030,100
3031,100
3032,100
3033,100
3034,100
3035,100
3036,100
3037,100
3038,100
3039,100
3040,100
3041,100
3042,100
3043,100
3044,100
3045,100
3046,100
3047,100
3048,100
3049,100
3050,100
3051,100
3052,100
3053,100
3054,100
3055,100
3056,100
3057,100
3058,100
3059,100
3060,100
3061,100
3062,100
3063,100
3064,100
3065,100
3066,100
3067,100
3068,100
3069,100
3070,100
3071,100
3072,100
3073,100
3074,100
3075,100
3076,100
3077,100
3078,100
3079,100
3080,100
3081,100
3082,100
3083,100
3084,100
3085,100
3086,100
3087,100
3088,100
3089,100
3090,100
3091,100
3092,100
3093,100
3094,100
3095,100
3096,100
3097,100
3098,100
3099,100
3100,100
3101,100
3102,100
3103,100
3104,100
3105,100
3106,100
3107,100
3108,100
3109,100
3110,100
3111,100
3112,100
3113,100
3114,100
3115,100
3116,100
3117,100
3118,100
3119,100
3120,100
3121,100
3122,100
3123,100
3124,100
3125,100
3126,100
3127,100
3128,100
3129,100
3130,100
3131,100
3132,100
3133,100
3134,100
3135,100
3136,100
3137,100
3138,100
3139,100
3140,100
3141,100
3142,100
3143,100
3144,100
3145,100
3146,100
3147,100
3148,100
3149,100
3150,100
3151,100
3152,100
3153,100
3154,100
3155,100
3156,100
3157,100
3158,100
3159,100
3160,100
3161,100
3162,100
3163,100
3164,100
3165,100
3166,100
3167,100
3168,100
3169,100
3170,100
3171,100
3172,100
3173,100
3174,100
3175,100
3176,100
3177,100
3178,100
3179,100
3180,100
3181,100
3182,100
3183,100
3184,100
3185,100
3186,100
3187,100
3188,100
3189,100
3190,100
3191,100
3192,100
3193,100
3194,100
3195,100
3196,100
3197,100
3198,100
3199,100
3200,100
3201,100
3202,100
3203,100
3204,100
3205,100
3206,100
3207,100
3208,100
3209,100
3210,100
3211,100
3212,100
3213,100
3214,100
3215,100
3216,100
3217,100
3218,100
3219,100
3220,100
3221,100
3222,100
3223,100
3224,100
3225,100
3226,100
3227,100
3228,100
3229,100
3230,100
3231,100
3232,100
3233,100
3234,100
3235,100
3236,100
3237,100
3238,100
3239,100
3240,100
3241,100
3242,100
3243,100
3244,100
3245,100
3246,100
3247,100
3248,100
3249,100
3250,100
3251,100
3252,100
3253,100
3254,100
3255,100
3321,81.93730729701953
3322,81.93730729701953
3323,81.93730729701953
3324,81.93730729701953
3325,81.93730729701953
3326,81.93730729701953
3327,81.93730729701953
3328,81.93730729701953
3329,81.93730729701953
3330,81.93730729701953
3331,81.93730729701953
3332,81.93730729701953
3333,81.93730729701953
3334,81.93730729701953
3335,81.93730729701953
3336,81.93730729701953
3337,81.93730729701953
3338,81.93730729701953
3339,81.93730729701953
3340,81.93730729701953
3341,81.93730729701953
3342,81.93730729701953
3343,81.93730729701953
3344,81.93730729701953
3345,81.93730729701953
3346,81.93730729701953
3347,81.93730729701953
3348,81.93730729701953
3349,81.93730729701953
3350,81.93730729701953
3351,81.93730729701953
3352,81.93730729701953
3353,81.93730729701953
3354,81.93730729701953
3355,81.93730729701953
3356,81.93730729701953
3357,81.93730729701953
3358,81.93730729701953
3359,81.93730729701953
3360,81.93730729701953
3361,81.93730729701953
3362,81.93730729701953
3363,81.93730729701953
3364,81.93730729701953
3365,81.93730729701953
3366,81.93730729701953
3367,81.93730729701953
3368,81.93730729701953
3369,81.93730729701953
3370,81.93730729701953
3371,81.93730729701953
3372,81.93730729701953
3373,81.93730729701953
3374,81.93730729701953
3375,81.93730729701953
3376,81.93730729701953
3377,81.93730729701953
3378,81.93730729701953
3379,81.93730729701953
3380,81.93730729701953
3381,81.93730729701953
3382,81.93730729701953
3383,81.93730729701953
3384,81.93730729701953
3385,81.93730729701953
3386,81.93730729701953
3387,81.93730729701953
3388,81.93730729701953
3389,81.93730729701953
3390,81.93730729701953
3391,81.93730729701953
3392,81.93730729701953
3393,81.93730729701953
3394,81.93730729701953
3395,81.93730729701953
3396,81.93730729701953
3397,81.93730729701953
3398,81.93730729701953
3399,81.93730729701953
3400,81.93730729701953
3401,81.93730729701953
3402,81.93730729701953
3403,81.93730729701953
3404,81.93730729701953
3405,81.93730729701953
3406,81.93730729701953
3407,81.93730729701953
3408,81.93730729701953
3409,81.93730729701953
3410,81.93730729701953
3411,81.93730729701953
3412,81.93730729701953
3413,81.93730729701953
3414,81.93730729701953
3415,81.93730729701953
3416,81.93730729701953
3417,81.93730729701953
3418,81.93730729701953
3419,81.93730729701953
3420,81.93730729701953
3421,81.93730729701953
3422,81.93730729701953
3423,81.93730729701953
3424,81.93730729701953
3425,81.93730729701953
3426,81.93730729701953
3427,81.93730729701953
3428,81.93730729701953
3429,81.93730729701953
3430,81.93730729701953
3431,81.93730729701953
3432,81.93730729701953
3433,81.93730729701953
3434,81.93730729701953
3435,81.93730729701953
3436,81.93730729701953
3437,81.93730729701953
3438,81.93730729701953
3439,81.93730729701953
3440,81.93730729701953
3441,81.93730729701953
3442,81.93730729701953
3443,81.93730729701953
3444,81.93730729701953
3445,81.93730729701953
3446,81.93730729701953
3447,81.93730729701953
3448,81.93730729701953
3449,81.93730729701953
3450,81.93730729701953
3451,81.93730729701953
3452,81.93730729701953
3453,81.93730729701953
3454,81.93730729701953
3455,81.93730729701953
3456,81.93730729701953
3457,81.93730729701953
3458,81.93730729701953
3459,81.93730729701953
3460,81.93730729701953
3461,81.93730729701953
3462,81.93730729701953
3463,81.93730729701953
3464,81.93730729701953
3465,81.93730729701953
3466,81.93730729701953
3467,81.93730729701953
3468,81.93730729701953
3469,81.93730729701953
3470,81.93730729701953
3471,81.93730729701953
3472,81.93730729701953
3473,81.93730729701953
3474,81.93730729701953
3475,81.93730729701953
3476,81.93730729701953
3477,81.93730729701953
3478,81.93730729701953
3479,81.93730729701953
3480,81.93730729701953
3481,81.93730729701953
3482,81.93730729701953
3483,81.93730729701953
3484,81.93730729701953
3485,81.93730729701953
3486,81.93730729701953
3487,81.93730729701953
3488,81.93730729701953
3489,81.93730729701953
3490,81.93730729701953
3491,81.93730729701953
3492,81.93730729701953
3493,81.93730729701953
3494,81.93730729701953
3495,81.93730729701953
3496,81.93730729701953
3497,81.93730729701953
3498,81.93730729701953
3499,81.93730729701953
3500,81.93730729701953
3501,81.93730729701953
3502,81.93730729701953
3503,81.93730729701953
3504,81.93730729701953
3505,81.93730729701953
3506,81.93730729701953
3507,81.93730729701953
3508,81.93730729701953
3509,81.93730729701953
3510,81.93730729701953
3511,81.93730729701953
3512,81.93730729701953
3513,81.93730729701953
3514,81.93730729701953
3515,81.93730729701953
3516,81.93730729701953
3517,81.93730729701953
3518,81.93730729701953
3519,81.93730729701953
3520,81.93730729701953
3521,81.93730729701953
3522,81.93730729701953
3523,81.93730729701953
3524,81.93730729701953
3525,81.93730729701953
3526,81.93730729701953
3527,81.93730729701953
3528,81.93730729701953
3529,81.93730729701953
3530,81.93730729701953
3531,81.93730729701953
3532,81.93730729701953
3533,81.93730729701953
3534,81.93730729701953
3535,81.93730729701953
3536,81.93730729701953
3537,81.93730729701953
3538,81.93730729701953
3539,81.93730729701953
3540,81.93730729701953
3541,81.93730729701953
3542,81.93730729701953
3543,81.93730729701953
3544,81.93730729701953
3545,81.93730729701953
3546,81.93730729701953
3547,81.93730729701953
3548,81.93730729701953
3549,81.93730729701953
3550,81.93730729701953
3551,81.93730729701953
3552,81.93730729701953
3553,81.93730729701953
3554,81.93730729701953
3555,81.93730729701953
3556,81.93730729701953
3557,81.93730729701953
3558,81.93730729701953
3559,81.93730729701953
3560,81.93730729701953
3561,81.93730729701953
3562,81.93730729701953
3563,81.93730729701953
3564,81.93730729701953
3565,81.93730729701953
3566,81.93730729701953
3567,81.93730729701953
3568,81.93730729701953
3569,81.93730729701953
3570,81.93730729701953
3571,81.93730729701953
3572,81.93730729701953
3573,81.93730729701953
3574,81.93730729701953
3575,81.93730729701953
3576,81.93730729701953
3577,81.93730729701953
3578,81.93730729701953
3579,81.93730729701953
3580,81.93730729701953
3581,81.93730729701953
3582,81.93730729701953
3583,81.93730729701953
3584,81.93730729701953
3585,81.93730729701953
3586,81.93730729701953
3587,81.93730729701953
3588,81.93730729701953
3589,81.93730729701953
3590,81.93730729701953
3591,81.93730729701953
3592,81.93730729701953
3593,81.93730729701953
3594,81.93730729701953
3595,81.93730729701953
3596,81.93730729701953
3597,81.93730729701953
3598,81.93730729701953
3599,81.93730729701953
3600,81.93730729701953
3601,81.93730729701953
3602,81.93730729701953
3603,81.93730729701953
3604,81.93730729701953
3605,81.93730729701953
3606,81.93730729701953
3607,81.93730729701953
3608,81.93730729701953
3609,81.93730729701953
3610,81.93730729701953
3611,81.93730729701953
3612,81.93730729701953
3613,81.93730729701953
3614,81.93730729701953
3615,81.93730729701953
3616,81.93730729701953
3617,81.93730729701953
3618,81.93730729701953
3619,81.93730729701953
3620,81.93730729701953
3621,81.93730729701953
3622,81.93730729701953
3623,81.93730729701953
3624,81.93730729701953
3625,81.93730729701953
3626,81.93730729701953
3627,81.93730729701953
3628,81.93730729701953
3629,81.93730729701953
3630,81.93730729701953
3631,81.93730729701953
3632,81.93730729701953
3633,81.93730729701953
3634,81.93730729701953
3635,81.93730729701953
3636,81.93730729701953
3637,81.93730729701953
3638,81.93730729701953
3639,81.93730729701953
3640,81.93730729701953
3641,81.93730729701953
3642,81.93730729701953
3643,81.93730729701953
3644,81.93730729701953
3645,81.93730729701953
3646,81.93730729701953
3647,81.93730729701953
3648,81.93730729701953
3649,81.93730729701953
3650,81.93730729701953
3651,81.93730729701953
3652,81.93730729701953
3653,81.93730729701953
3654,81.93730729701953
3655,81.93730729701953
3656,81.93730729701953
3657,81.93730729701953
3658,81.93730729701953
3659,81.93730729701953
3660,81.93730729701953
3661,81.93730729701953
3662,81.93730729701953
3663,81.93730729701953
3664,81.93730729701953
3665,81.93730729701953
3666,81.93730729701953
3667,81.93730729701953
3668,81.93730729701953
3669,81.93730729701953
3670,81.93730729701953
3671,81.93730729701953
3672,81.93730729701953
3673,81.93730729701953
3674,81.93730729701953
3675,81.93730729701953
3676,81.93730729701953
3677,81.93730729701953
3678,81.93730729701953
3679,81.93730729701953
3680,81.93730729701953
3681,81.93730729701953
3682,81.93730729701953
3683,81.93730729701953
3695,81.88591983556012
3696,81.88591983556012
3697,81.88591983556012
3698,81.88591983556012
3699,81.88591983556012
3700,81.88591983556012
3701,81.88591983556012
3702,81.88591983556012
3703,81.88591983556012
3704,81.88591983556012
3705,81.88591983556012
3706,81.88591983556012
3707,81.88591983556012
3708,81.88591983556012
3709,81.88591983556012
3710,81.88591983556012
3711,81.88591983556012
3712,81.88591983556012
3713,81.88591983556012
3714,81.88591983556012
3715,81.88591983556012
3716,81.88591983556012
3717,81.88591983556012
3718,81.88591983556012
3719,81.88591983556012
3720,81.88591983556012
3721,81.88591983556012
3722,81.88591983556012
3723,81.88591983556012
3724,81.88591983556012
3725,81.88591983556012
3726,81.88591983556012
3727,81.88591983556012
3728,81.88591983556012
3729,81.88591983556012
3730,81.88591983556012
3731,81.88591983556012
3732,81.88591983556012
3733,81.88591983556012
3734,81.88591983556012
3735,81.88591983556012
3736,81.88591983556012
3737,81.88591983556012
3738,81.88591983556012
3739,81.88591983556012
3740,81.88591983556012
3741,81.88591983556012
3742,81.88591983556012
3743,81.88591983556012
3744,81.88591983556012
3745,81.88591983556012
3746,81.88591983556012
3747,81.88591983556012
3748,81.88591983556012
3749,81.88591983556012
3750,81.88591983556012
3751,81.88591983556012
3752,81.88591983556012
3753,81.88591983556012
3754,81.88591983556012
3755,81.88591983556012
3756,81.88591983556012
3757,81.88591983556012
3758,81.88591983556012
3759,81.88591983556012
3760,81.88591983556012
3761,81.88591983556012
3762,81.88591983556012
3763,81.88591983556012
3764,81.88591983556012
3765,81.88591983556012
3766,81.88591983556012
3767,81.88591983556012
3768,81.88591983556012
3769,81.88591983556012
3770,81.88591983556012
3771,81.88591983556012
3772,81.88591983556012
3773,81.88591983556012
3774,81.88591983556012
3775,81.88591983556012
3776,81.88591983556012
3777,81.88591983556012
3778,81.88591983556012
3779,81.88591983556012
3780,81.88591983556012
3781,81.88591983556012
3782,81.88591983556012
3783,81.88591983556012
3784,81.88591983556012
3785,81.88591983556012
3786,81.88591983556012
3787,81.88591983556012
3788,81.88591983556012
3789,81.88591983556012
3790,81.88591983556012
3791,81.88591983556012
3792,81.88591983556012
3793,81.88591983556012
3794,81.88591983556012
3795,81.88591983556012
3796,81.88591983556012
3797,81.88591983556012
3798,81.88591983556012
3799,81.88591983556012
3800,81.88591983556012
3801,81.88591983556012
3802,81.88591983556012
3803,81.88591983556012
3804,81.88591983556012
3805,81.88591983556012
3806,81.88591983556012
3807,81.88591983556012
3808,81.88591983556012
3809,81.88591983556012
3810,81.88591983556012
3811,81.88591983556012
3812,81.88591983556012
3813,81.88591983556012
3814,81.88591983556012
3815,81.88591983556012
3816,81.88591983556012
3817,81.88591983556012
3818,81.88591983556012
3819,81.88591983556012
3820,81.88591983556012
3821,81.88591983556012
3822,81.88591983556012
3823,81.88591983556012
3824,81.88591983556012
3825,81.88591983556012
3826,81.88591983556012
3827,81.88591983556012
3828,81.88591983556012
3829,81.88591983556012
3830,81.88591983556012
3831,81.88591983556012
3832,81.88591983556012
3833,81.88591983556012
3834,81.88591983556012
3835,81.88591983556012
3836,81.88591983556012
3837,81.88591983556012
3838,81.88591983556012
3839,81.88591983556012
3840,81.88591983556012
3841,81.88591983556012
3842,81.88591983556012
3843,81.88591983556012
3844,81.88591983556012
3845,81.88591983556012
3846,81.88591983556012
3847,81.88591983556012
3848,81.88591983556012
3849,81.88591983556012
3850,81.88591983556012
3851,81.88591983556012
3852,81.88591983556012
3853,81.88591983556012
3854,81.88591983556012
3855,81.88591983556012
3856,81.88591983556012
3857,81.88591983556012
3858,81.88591983556012
3859,81.88591983556012
3860,81.88591983556012
3861,81.88591983556012
3862,81.88591983556012
3863,81.88591983556012
3864,81.88591983556012
3865,81.88591983556012
3866,81.88591983556012
3867,81.88591983556012
3868,81.88591983556012
3869,81.88591983556012
3870,81.88591983556012
3871,81.88591983556012
3872,81.88591983556012
3873,81.88591983556012
3874,81.88591983556012
3883,81.62898252826311
3884,81.62898252826311
3885,81.62898252826311
3886,81.62898252826311
3887,81.62898252826311
3888,81.62898252826311
3889,81.62898252826311
3890,81.62898252826311
3891,81.62898252826311
3892,81.62898252826311
3893,81.62898252826311
3894,81.62898252826311
3895,81.62898252826311
3896,81.62898252826311
3897,81.62898252826311
3898,81.62898252826311
3899,81.62898252826311
3900,81.62898252826311
3901,81.62898252826311
3902,81.62898252826311
3903,81.62898252826311
3904,81.62898252826311
3905,81.62898252826311
3906,81.62898252826311
3907,81.62898252826311
3908,81.62898252826311
3909,81.62898252826311
3910,81.62898252826311
3911,81.62898252826311
3912,81.62898252826311
3913,81.62898252826311
3914,81.62898252826311
3915,81.62898252826311
3916,81.62898252826311
3917,81.62898252826311
3918,81.62898252826311
3919,81.62898252826311
3920,81.62898252826311
3921,81.62898252826311
3922,81.62898252826311
3923,81.62898252826311
3924,81.62898252826311
3925,81.62898252826311
3926,81.62898252826311
3927,81.62898252826311
3928,81.62898252826311
3929,81.62898252826311
3930,81.62898252826311
3931,81.62898252826311
3932,81.62898252826311
3933,81.62898252826311
3934,81.62898252826311
3935,81.62898252826311
3936,81.62898252826311
3937,81.62898252826311
3938,81.62898252826311
3939,81.62898252826311
3940,81.62898252826311
3941,81.62898252826311
3942,81.62898252826311
3943,81.62898252826311
3944,81.62898252826311
3945,81.62898252826311
3946,81.62898252826311
3947,81.62898252826311
3948,81.62898252826311
3949,81.62898252826311
3950,81.62898252826311
3951,81.62898252826311
3952,81.62898252826311
3953,81.62898252826311
3954,81.62898252826311
3955,81.62898252826311
3956,81.62898252826311
3957,81.62898252826311
3958,81.62898252826311
3959,81.62898252826311
3960,81.62898252826311
3961,81.62898252826311
3962,81.62898252826311
3963,81.62898252826311
3964,81.62898252826311
3965,81.62898252826311
3966,81.62898252826311
3967,81.62898252826311
3968,81.62898252826311
3969,81.62898252826311
3970,81.62898252826311
3971,81.62898252826311
3972,81.62898252826311
3973,81.62898252826311
3974,81.62898252826311
3975,81.62898252826311
3976,81.62898252826311
3977,81.62898252826311
3978,81.62898252826311
3979,81.62898252826311
3980,81.62898252826311
3981,81.62898252826311
3982,81.62898252826311
3983,81.62898252826311
3984,81.62898252826311
3985,81.62898252826311
3986,81.62898252826311
3987,81.62898252826311
3988,81.62898252826311
3989,81.62898252826311
3990,81.62898252826311
3991,81.62898252826311
3992,81.62898252826311
3993,81.62898252826311
3994,81.62898252826311
3995,81.62898252826311
3996,81.62898252826311
3997,81.62898252826311
3998,81.62898252826311
3999,81.62898252826311
4000,81.62898252826311
4001,81.62898252826311
4002,81.62898252826311
4003,81.62898252826311
4004,81.62898252826311
4005,81.62898252826311
4006,81.62898252826311
4007,81.62898252826311
4008,81.62898252826311
4009,81.62898252826311
4010,81.62898252826311
4011,81.62898252826311
4012,81.62898252826311
4013,81.62898252826311
4014,81.62898252826311
4015,81.62898252826311
4016,81.62898252826311
4017,81.62898252826311
4018,81.62898252826311
4019,81.62898252826311
4020,81.62898252826311
4021,81.62898252826311
4022,81.62898252826311
4023,81.62898252826311
4024,81.62898252826311
4025,81.62898252826311
4026,81.62898252826311
4027,81.62898252826311
4028,81.62898252826311
4029,81.62898252826311
4030,81.62898252826311
4031,81.62898252826311
4032,81.62898252826311
4033,81.62898252826311
4034,81.62898252826311
4035,81.62898252826311
4036,81.62898252826311
4037,81.62898252826311
4038,81.62898252826311
4039,81.62898252826311
4040,81.62898252826311
4041,81.62898252826311
4042,81.62898252826311
4043,81.62898252826311
4044,81.62898252826311
4045,81.62898252826311
4046,81.62898252826311
4047,81.62898252826311
4048,81.62898252826311
4049,81.62898252826311
4050,81.62898252826311
4051,81.62898252826311
4052,81.62898252826311
4053,81.62898252826311
4054,81.62898252826311
4055,81.62898252826311
4056,81.62898252826311
4057,81.62898252826311
4058,81.62898252826311
4059,81.62898252826311
4060,81.62898252826311
4061,81.62898252826311
4062,81.62898252826311
4063,81.62898252826311
4064,81.62898252826311
4065,81.62898252826311
4066,81.62898252826311
4067,81.62898252826311
4068,81.62898252826311
4069,81.62898252826311
4070,81.62898252826311
4071,81.62898252826311
4072,81.62898252826311
4073,81.62898252826311
4074,81.62898252826311
4075,81.62898252826311
4076,81.62898252826311
4077,81.62898252826311
4078,81.62898252826311
4079,81.62898252826311
4080,81.62898252826311
4081,81.62898252826311
4082,81.62898252826311
4083,81.62898252826311
4084,81.62898252826311
4085,81.62898252826311
4086,81.62898252826311
4087,81.62898252826311
4088,81.62898252826311
4089,81.62898252826311
4090,81.62898252826311
4091,81.62898252826311
4092,81.62898252826311
4093,81.62898252826311
4094,81.62898252826311
4095,81.62898252826311
4096,81.62898252826311
4097,81.62898252826311
4098,81.62898252826311
4099,81.62898252826311
4100,81.62898252826311
4101,81.62898252826311
4102,81.62898252826311
4103,81.62898252826311
4104,81.62898252826311
4105,81.62898252826311
4106,81.62898252826311
4107,81.62898252826311
4108,81.62898252826311
4109,81.62898252826311
4110,81.62898252826311
4111,81.62898252826311
4112,81.62898252826311
4113,81.62898252826311
4114,81.62898252826311
4115,81.62898252826311
4116,81.62898252826311
4117,81.62898252826311
4118,81.62898252826311
4119,81.62898252826311
4120,81.62898252826311
4121,81.62898252826311
4122,81.62898252826311
4123,81.62898252826311
4124,81.62898252826311
4125,81.62898252826311
4126,81.62898252826311
4127,81.62898252826311
4128,81.62898252826311
4129,81.62898252826311
4130,81.62898252826311
4131,81.62898252826311
4132,81.62898252826311
4133,81.62898252826311
4134,81.62898252826311
4135,81.62898252826311
4136,81.62898252826311
4137,81.62898252826311
4138,81.62898252826311
4139,81.62898252826311
4140,81.62898252826311
4141,81.62898252826311
4142,81.62898252826311
4143,81.62898252826311
4144,81.62898252826311
4145,81.62898252826311
4146,81.62898252826311
4147,81.62898252826311
4148,81.62898252826311
4149,81.62898252826311
4150,81.62898252826311
4151,81.62898252826311
4152,81.62898252826311
4153,81.62898252826311
4154,81.62898252826311
4155,81.62898252826311
4156,81.62898252826311
4157,81.62898252826311
4158,81.62898252826311
4159,81.62898252826311
4160,81.62898252826311
4161,81.62898252826311
4162,81.62898252826311
4163,81.62898252826311
4164,81.62898252826311
4165,81.62898252826311
4166,81.62898252826311
4167,81.62898252826311
4168,81.62898252826311
4169,81.62898252826311
4170,81.62898252826311
4171,81.62898252826311
4172,81.62898252826311
4173,81.62898252826311
4174,81.62898252826311
4187,78.03186022610483
4188,78.03186022610483
4189,78.03186022610483
4190,78.03186022610483
4191,78.03186022610483
4192,78.03186022610483
4193,78.03186022610483
4194,78.03186022610483
4195,78.03186022610483
4196,78.03186022610483
4197,78.03186022610483
4198,78.03186022610483
4199,78.03186022610483
4200,78.03186022610483
4201,78.03186022610483
4202,78.03186022610483
4203,78.03186022610483
4204,78.03186022610483
4205,78.03186022610483
4206,78.03186022610483
4207,78.03186022610483
4208,78.03186022610483
4209,78.03186022610483
4210,78.03186022610483
4211,78.03186022610483
4212,78.03186022610483
4213,78.03186022610483
4214,78.03186022610483
4215,78.03186022610483
4216,78.03186022610483
4217,78.03186022610483
4218,78.03186022610483
4219,78.03186022610483
4220,78.03186022610483
4221,78.03186022610483
4222,78.03186022610483
4223,78.03186022610483
4224,78.03186022610483
4225,78.03186022610483
4226,78.03186022610483
4227,78.03186022610483
4228,78.03186022610483
4229,78.03186022610483
4230,78.03186022610483
4231,78.03186022610483
4232,78.03186022610483
4233,78.03186022610483
4234,78.03186022610483
4235,78.03186022610483
4236,78.03186022610483
4237,78.03186022610483
4238,78.03186022610483
4239,78.03186022610483
4240,78.03186022610483
4241,78.03186022610483
4242,78.03186022610483
4243,78.03186022610483
4244,78.03186022610483
4245,78.03186022610483
4246,78.03186022610483
4247,78.03186022610483
4248,78.03186022610483
4249,78.03186022610483
4250,78.03186022610483
4251,78.03186022610483
4252,78.03186022610483
4253,78.03186022610483
4254,78.03186022610483
4255,78.03186022610483
4256,78.03186022610483
4257,78.03186022610483
4258,78.03186022610483
4262,76.5159301130524
4263,76.5159301130524
4264,76.5159301130524
4265,76.5159301130524
4266,76.5159301130524
4267,76.5159301130524
4268,76.5159301130524
4269,76.5159301130524
4270,76.5159301130524
4271,76.5159301130524
4272,76.5159301130524
4273,76.5159301130524
4274,76.5159301130524
4275,76.5159301130524
4276,76.5159301130524
4277,76.5159301130524
4278,76.5159301130524
4279,76.5159301130524
4280,76.5159301130524
4281,76.5159301130524
4282,76.5159301130524
4283,76.5159301130524
4284,76.5159301130524
4285,76.5159301130524
4286,76.5159301130524
4287,76.5159301130524
4288,76.5159301130524
4289,76.5159301130524
4290,76.5159301130524
4291,76.5159301130524
4292,76.5159301130524
4293,76.5159301130524
4294,76.5159301130524
4295,76.5159301130524
4296,76.5159301130524
4297,76.5159301130524
4301,63.82322713257965
4302,63.82322713257965
4303,63.82322713257965
4304,63.82322713257965
4305,63.82322713257965
4306,63.82322713257965
4307,63.82322713257965
4308,63.82322713257965
4309,63.82322713257965
4310,63.82322713257965
4311,63.82322713257965
4312,63.82322713257965
4313,63.82322713257965
4314,63.82322713257965
4315,63.82322713257965
4316,63.82322713257965
4317,63.82322713257965
4318,63.82322713257965
4319,63.82322713257965
4320,63.82322713257965
4321,63.82322713257965
4322,63.82322713257965
4323,63.82322713257965
4324,63.82322713257965
4325,63.82322713257965
4326,63.82322713257965
4327,63.82322713257965
4328,63.82322713257965
4329,63.82322713257965
4330,63.82322713257965
4331,63.82322713257965
4332,63.82322713257965
4333,63.82322713257965
4334,63.82322713257965
4335,63.82322713257965
4336,63.82322713257965
4337,63.82322713257965
4338,63.82322713257965
4339,63.82322713257965
4340,63.82322713257965
4341,63.82322713257965
4342,63.82322713257965
4343,63.82322713257965
4344,63.82322713257965
4345,63.82322713257965
4346,63.82322713257965
4347,63.82322713257965
4348,63.82322713257965
4349,63.82322713257965
4350,63.82322713257965
4351,63.82322713257965
4352,63.82322713257965
4353,63.82322713257965
4354,63.82322713257965
4355,63.82322713257965
4356,63.82322713257965
4357,63.82322713257965
4358,63.82322713257965
4359,63.82322713257965
4360,63.82322713257965
4361,63.82322713257965
4362,63.82322713257965
4363,63.82322713257965
4364,63.82322713257965
4365,63.82322713257965
4366,63.82322713257965
4367,63.82322713257965
4368,63.82322713257965
4369,63.82322713257965
4370,63.82322713257965
4371,63.82322713257965
4372,63.82322713257965
4373,63.82322713257965
4374,63.82322713257965
4375,63.82322713257965
4376,63.82322713257965
4377,63.82322713257965
4378,63.82322713257965
4379,63.82322713257965
4380,63.82322713257965
4381,63.82322713257965
4382,63.82322713257965
4383,63.82322713257965
4384,63.82322713257965
4385,63.82322713257965
4386,63.82322713257965
4387,63.82322713257965
4388,63.82322713257965
4389,63.82322713257965
4390,63.82322713257965
4391,63.82322713257965
4392,63.82322713257965
4393,63.82322713257965
4394,63.82322713257965
4395,63.82322713257965
4396,63.82322713257965
4397,63.82322713257965
4398,63.82322713257965
4399,63.82322713257965
4400,63.82322713257965
4401,63.82322713257965
4402,63.82322713257965
4403,63.82322713257965
4404,63.82322713257965
4405,63.82322713257965
4406,63.82322713257965
4407,63.82322713257965
4408,63.82322713257965
4409,63.82322713257965
4410,63.82322713257965
4411,63.82322713257965
4412,63.82322713257965
4413,63.82322713257965
4414,63.82322713257965
4415,63.82322713257965
4416,63.82322713257965
4417,63.82322713257965
4418,63.82322713257965
4419,63.82322713257965
4420,63.82322713257965
4421,63.82322713257965
4422,63.82322713257965
4423,63.82322713257965
4424,63.82322713257965
4425,63.82322713257965
4426,63.82322713257965
4427,63.82322713257965
4428,63.82322713257965
4429,63.82322713257965
4430,63.82322713257965
4431,63.82322713257965
4432,63.82322713257965
4433,63.82322713257965
4434,63.82322713257965
4435,63.82322713257965
4436,63.82322713257965
4437,63.82322713257965
4438,63.82322713257965
4439,63.82322713257965
4440,63.82322713257965
4441,63.82322713257965
4442,63.82322713257965
4443,63.82322713257965
4444,63.82322713257965
4445,63.82322713257965
4446,63.82322713257965
4447,63.82322713257965
4448,63.82322713257965
4449,63.82322713257965
4450,63.82322713257965
4451,63.82322713257965
4452,63.82322713257965
4459,63.56628982528264
4460,63.56628982528264
4461,63.56628982528264
4462,63.56628982528264
4463,63.56628982528264
4464,63.56628982528264
4465,63.56628982528264
4466,63.56628982528264
4467,63.56628982528264
4468,63.56628982528264
4469,63.56628982528264
4470,63.56628982528264
4471,63.56628982528264
4472,63.56628982528264
4473,63.56628982528264
4474,63.56628982528264
4475,63.56628982528264
4476,63.56628982528264
4477,63.56628982528264
4478,63.56628982528264
4479,63.56628982528264
4480,63.56628982528264
4481,63.56628982528264
4482,63.56628982528264
4483,63.56628982528264
4484,63.56628982528264
4485,63.56628982528264
4486,63.56628982528264
4487,63.56628982528264
4488,63.56628982528264
4489,63.56628982528264
4490,63.56628982528264
4491,63.56628982528264
4492,63.56628982528264
4493,63.56628982528264
4494,63.56628982528264
4495,63.56628982528264
4496,63.56628982528264
4497,63.56628982528264
4498,63.56628982528264
4499,63.56628982528264
4500,63.56628982528264
4501,63.56628982528264
4502,63.56628982528264
4503,63.56628982528264
4504,63.56628982528264
4505,63.56628982528264
4506,63.56628982528264
4507,63.56628982528264
4508,63.56628982528264
4509,63.56628982528264
4510,63.56628982528264
4511,63.56628982528264
4512,63.56628982528264
4513,63.56628982528264
4514,63.56628982528264
4515,63.56628982528264
4516,63.56628982528264
4517,63.56628982528264
4518,63.56628982528264
4519,63.56628982528264
4520,63.56628982528264
4521,63.56628982528264
4522,63.56628982528264
4523,63.56628982528264
4524,63.56628982528264
4525,63.56628982528264
4526,63.56628982528264
4527,63.56628982528264
4528,63.56628982528264
4529,63.56628982528264
4530,63.56628982528264
4531,63.56628982528264
4532,63.56628982528264
4533,63.56628982528264
4534,63.56628982528264
4535,63.56628982528264
4536,63.56628982528264
4537,63.56628982528264
4538,63.56628982528264
4539,63.56628982528264
4540,63.56628982528264
4541,63.56628982528264
4542,63.56628982528264
4543,63.56628982528264
4544,63.56628982528264
4545,63.56628982528264
4546,63.56628982528264
4547,63.56628982528264
4548,63.56628982528264
4549,63.56628982528264
4550,63.56628982528264
4551,63.56628982528264
4552,63.56628982528264
4553,63.56628982528264
4554,63.56628982528264
4555,63.56628982528264
4556,63.56628982528264
4557,63.56628982528264
4558,63.56628982528264
4559,63.56628982528264
4560,63.56628982528264
4561,63.56628982528264
4562,63.56628982528264
4563,63.56628982528264
4564,63.56628982528264
4565,63.56628982528264
4566,63.56628982528264
4567,63.56628982528264
4568,63.56628982528264
4569,63.56628982528264
4570,63.56628982528264
4571,63.56628982528264
4572,63.56628982528264
4573,63.56628982528264
4574,63.56628982528264
4575,63.56628982528264
4576,63.56628982528264
4577,63.56628982528264
4578,63.56628982528264
4579,63.56628982528264
4580,63.56628982528264
4581,63.56628982528264
4582,63.56628982528264
4583,63.56628982528264
4584,63.56628982528264
4585,63.56628982528264
4586,63.56628982528264
4587,63.56628982528264
4588,63.56628982528264
4589,63.56628982528264
4590,63.56628982528264
4591,63.56628982528264
4592,63.56628982528264
4593,63.56628982528264
4594,63.56628982528264
4595,63.56628982528264
4596,63.56628982528264
4597,63.56628982528264
4598,63.56628982528264
4599,63.56628982528264
4600,63.56628982528264
4601,63.56628982528264
4602,63.56628982528264
4603,63.56628982528264
4604,63.56628982528264
4605,63.56628982528264
4606,63.56628982528264
4607,63.56628982528264
4608,63.56628982528264
4609,63.56628982528264
4610,63.56628982528264
4611,63.56628982528264
4612,63.56628982528264
4613,63.56628982528264
4614,63.56628982528264
4615,63.56628982528264
4616,63.56628982528264
4617,63.56628982528264
4618,63.56628982528264
4619,63.56628982528264
4620,63.56628982528264
4621,63.56628982528264
4622,63.56628982528264
4623,63.56628982528264
4624,63.56628982528264
4625,63.56628982528264
4626,63.56628982528264
4627,63.56628982528264
4628,63.56628982528264
4629,63.56628982528264
4630,63.56628982528264
4631,63.56628982528264
4632,63.56628982528264
4633,63.56628982528264
4634,63.56628982528264
4635,63.56628982528264
4636,63.56628982528264
4637,63.56628982528264
4638,63.56628982528264
4639,63.56628982528264
4640,63.56628982528264
4641,63.56628982528264
4642,63.56628982528264
4643,63.56628982528264
4644,63.56628982528264
4645,63.56628982528264
4646,63.56628982528264
4656,63.51490236382323
4657,63.51490236382323
4658,63.51490236382323
4659,63.51490236382323
4660,63.51490236382323
4661,63.51490236382323
4662,63.51490236382323
4663,63.51490236382323
4664,63.51490236382323
4665,63.51490236382323
4666,63.51490236382323
4667,63.51490236382323
4668,63.51490236382323
4669,63.51490236382323
4670,63.51490236382323
4671,63.51490236382323
4672,63.51490236382323
4673,63.51490236382323
4674,63.51490236382323
4675,63.51490236382323
4676,63.51490236382323
4677,63.51490236382323
4678,63.51490236382323
4679,63.51490236382323
4680,63.51490236382323
4681,63.51490236382323
4682,63.51490236382323
4683,63.51490236382323
4684,63.51490236382323
4685,63.51490236382323
4686,63.51490236382323
4687,63.51490236382323
4688,63.51490236382323
4689,63.51490236382323
4690,63.51490236382323
4691,63.51490236382323
4692,63.51490236382323
4693,63.51490236382323
4694,63.51490236382323
4695,63.51490236382323
4696,63.51490236382323
4697,63.51490236382323
4698,63.51490236382323
4699,63.51490236382323
4700,63.51490236382323
4701,63.51490236382323
4702,63.51490236382323
4703,63.51490236382323
4704,63.51490236382323
4705,63.51490236382323
4706,63.51490236382323
4707,63.51490236382323
4708,63.51490236382323
4709,63.51490236382323
4710,63.51490236382323
4711,63.51490236382323
4712,63.51490236382323
4713,63.51490236382323
4714,63.51490236382323
4715,63.51490236382323
4716,63.51490236382323
4717,63.51490236382323
4718,63.51490236382323
4719,63.51490236382323
4720,63.51490236382323
4721,63.51490236382323
4722,63.51490236382323
4723,63.51490236382323
4724,63.51490236382323
4725,63.51490236382323
4726,63.51490236382323
4727,63.51490236382323
4728,63.51490236382323
4729,63.51490236382323
4730,63.51490236382323
4731,63.51490236382323
4732,63.51490236382323
4733,63.51490236382323
4734,63.51490236382323
4735,63.51490236382323
4736,63.51490236382323
4737,63.51490236382323
4738,63.51490236382323
4739,63.51490236382323
4740,63.51490236382323
4741,63.51490236382323
4742,63.51490236382323
4743,63.51490236382323
4744,63.51490236382323
4745,63.51490236382323
4746,63.51490236382323
4747,63.51490236382323
4748,63.51490236382323
4749,63.51490236382323
4750,63.51490236382323
4751,63.51490236382323
4752,63.51490236382323
4753,63.51490236382323
4754,63.51490236382323
4755,63.51490236382323
4756,63.51490236382323
4757,63.51490236382323
4758,63.51490236382323
4759,63.51490236382323
4760,63.51490236382323
4761,63.51490236382323
4762,63.51490236382323
4763,63.51490236382323
4764,63.51490236382323
4765,63.51490236382323
4766,63.51490236382323
4767,63.51490236382323
4768,63.51490236382323
4769,63.51490236382323
4770,63.51490236382323
4771,63.51490236382323
4772,63.51490236382323
4773,63.51490236382323
4774,63.51490236382323
4775,63.51490236382323
4776,63.51490236382323
4777,63.51490236382323
4778,63.51490236382323
4779,63.51490236382323
4780,63.51490236382323
4781,63.51490236382323
4782,63.51490236382323
4783,63.51490236382323
4784,63.51490236382323
4785,63.51490236382323
4786,63.51490236382323
4787,63.51490236382323
4788,63.51490236382323
4789,63.51490236382323
4790,63.51490236382323
4791,63.51490236382323
4792,63.51490236382323
4793,63.51490236382323
4794,63.51490236382323
4795,63.51490236382323
4796,63.51490236382323
4797,63.51490236382323
4798,63.51490236382323
4799,63.51490236382323
4800,63.51490236382323
4801,63.51490236382323
4802,63.51490236382323
4803,63.51490236382323
4804,63.51490236382323
4805,63.51490236382323
4806,63.51490236382323
4807,63.51490236382323
4808,63.51490236382323
4809,63.51490236382323
4810,63.51490236382323
4811,63.51490236382323
4821,59.969167523124355
4822,59.969167523124355
4823,59.969167523124355
4824,59.969167523124355
4825,59.969167523124355
4826,59.969167523124355
4827,59.969167523124355
4828,59.969167523124355
4829,59.969167523124355
4830,59.969167523124355
4831,59.969167523124355
4832,59.969167523124355
4833,59.969167523124355
4834,59.969167523124355
4835,59.969167523124355
4836,59.969167523124355
4837,59.969167523124355
4838,59.969167523124355
4839,59.969167523124355
4840,59.969167523124355
4841,59.969167523124355
4842,59.969167523124355
4843,59.969167523124355
4844,59.969167523124355
4845,59.969167523124355
4846,59.969167523124355
4847,59.969167523124355
4848,59.969167523124355
4849,59.969167523124355
4850,59.969167523124355
4851,59.969167523124355
4852,59.969167523124355
4853,59.969167523124355
4854,59.969167523124355
4855,59.969167523124355
4856,59.969167523124355
4857,59.969167523124355
4858,59.969167523124355
4859,59.969167523124355
4860,59.969167523124355
4861,59.969167523124355
4862,59.969167523124355
4863,59.969167523124355
4864,59.969167523124355
4865,59.969167523124355
4866,59.969167523124355
4867,59.969167523124355
4868,59.969167523124355
4869,59.969167523124355
4870,59.969167523124355
4871,59.969167523124355
4872,59.969167523124355
4873,59.969167523124355
4874,59.969167523124355
4875,59.969167523124355
4876,59.969167523124355
4877,59.969167523124355
4878,59.969167523124355
4879,59.969167523124355
4880,59.969167523124355
4881,59.969167523124355
4882,59.969167523124355
4883,59.969167523124355
4884,59.969167523124355
4885,59.969167523124355
4886,59.969167523124355
4887,59.969167523124355
4888,59.969167523124355
4889,59.969167523124355
4890,59.969167523124355
4891,59.969167523124355
4892,59.969167523124355
4893,59.969167523124355
4894,59.969167523124355
4895,59.969167523124355
4896,59.969167523124355
4897,59.969167523124355
4898,59.969167523124355
4899,59.969167523124355
4900,59.969167523124355
4901,59.969167523124355
4902,59.969167523124355
4903,59.969167523124355
4904,59.969167523124355
4905,59.969167523124355
4906,59.969167523124355
4907,59.969167523124355
4908,59.969167523124355
4909,59.969167523124355
4910,59.969167523124355
4911,59.969167523124355
4912,59.969167523124355
4913,59.969167523124355
4914,59.969167523124355
4915,59.969167523124355
4916,59.969167523124355
4917,59.969167523124355
4918,59.969167523124355
4919,59.969167523124355
4920,59.969167523124355
4921,59.969167523124355
4922,59.969167523124355
4923,59.969167523124355
4924,59.969167523124355
4925,59.969167523124355
4926,59.969167523124355
4927,59.969167523124355
4928,59.969167523124355
4929,59.969167523124355
4930,59.969167523124355
4931,59.969167523124355
4932,59.969167523124355
4933,59.969167523124355
4934,59.969167523124355
4935,59.969167523124355
4936,59.969167523124355
4937,59.969167523124355
4938,59.969167523124355
4939,59.969167523124355
4940,59.969167523124355
4941,59.969167523124355
4942,59.969167523124355
4943,59.969167523124355
4944,59.969167523124355
4945,59.969167523124355
4946,59.969167523124355
4947,59.969167523124355
4948,59.969167523124355
4949,59.969167523124355
4950,59.969167523124355
4951,59.969167523124355
4952,59.969167523124355
4953,59.969167523124355
4954,59.969167523124355
4955,59.969167523124355
4956,59.969167523124355
4957,59.969167523124355
4958,59.969167523124355
4959,59.969167523124355
4960,59.969167523124355
4961,59.969167523124355
4962,59.969167523124355
4963,59.969167523124355
4964,59.969167523124355
4970,59.91778006166495
4971,59.91778006166495
4972,59.91778006166495
4973,59.91778006166495
4974,59.91778006166495
4975,59.91778006166495
4976,59.91778006166495
4977,59.91778006166495
4978,59.91778006166495
4979,59.91778006166495
4980,59.91778006166495
4981,59.91778006166495
4982,59.91778006166495
4983,59.91778006166495
4984,59.91778006166495
4985,59.91778006166495
4986,59.91778006166495
4987,59.91778006166495
4988,59.91778006166495
4989,59.91778006166495
4990,59.91778006166495
4991,59.91778006166495
4992,59.91778006166495
4993,59.91778006166495
4994,59.91778006166495
4995,59.91778006166495
4996,59.91778006166495
4997,59.91778006166495
4998,59.91778006166495
4999,59.91778006166495
5000,59.91778006166495
5001,59.91778006166495
5002,59.91778006166495
5003,59.91778006166495
5004,59.91778006166495
5005,59.91778006166495
5006,59.91778006166495
5007,59.91778006166495
5008,59.91778006166495
5009,59.91778006166495
5010,59.91778006166495
5011,59.91778006166495
5012,59.91778006166495
5013,59.91778006166495
5014,59.91778006166495
5015,59.91778006166495
5016,59.91778006166495
5017,59.91778006166495
5018,59.91778006166495
5019,59.91778006166495
5020,59.91778006166495
5021,59.91778006166495
5022,59.91778006166495
5023,59.91778006166495
5025,59.660842754367934
5026,59.660842754367934
5027,59.660842754367934
5028,59.660842754367934
5029,59.660842754367934
5030,59.660842754367934
5031,59.660842754367934
5032,59.660842754367934
5033,59.660842754367934
5034,59.660842754367934
5035,59.660842754367934
5036,59.660842754367934
5037,59.660842754367934
5038,59.660842754367934
5039,59.660842754367934
5040,59.660842754367934
5041,59.660842754367934
5042,59.660842754367934
5043,59.660842754367934
5044,59.660842754367934
5045,59.660842754367934
5046,59.660842754367934
5047,59.660842754367934
5048,59.660842754367934
5049,59.660842754367934
5050,59.660842754367934
5051,59.660842754367934
5052,59.660842754367934
5053,59.660842754367934
5054,59.660842754367934
5055,59.660842754367934
5056,59.660842754367934
5057,59.660842754367934
5058,59.660842754367934
5059,59.660842754367934
5060,59.660842754367934
5061,59.660842754367934
5062,59.660842754367934
5063,59.660842754367934
5064,59.660842754367934
5065,59.660842754367934
5066,59.660842754367934
5067,59.660842754367934
5068,59.660842754367934
5069,59.660842754367934
5070,59.660842754367934
5071,59.660842754367934
5072,59.660842754367934
5073,59.660842754367934
5074,59.660842754367934
5075,59.660842754367934
5076,59.660842754367934
5077,59.660842754367934
5078,59.660842754367934
5079,59.660842754367934
5080,59.660842754367934
5081,59.660842754367934
5082,59.660842754367934
5083,59.660842754367934
5084,59.660842754367934
5085,59.660842754367934
5086,59.660842754367934
5087,59.660842754367934
5088,59.660842754367934
5089,59.660842754367934
5090,59.660842754367934
5091,59.660842754367934
5092,59.660842754367934
5093,59.660842754367934
5094,59.660842754367934
5095,59.660842754367934
5096,59.660842754367934
5097,59.660842754367934
5098,59.660842754367934
5099,59.660842754367934
5100,59.660842754367934
5101,59.660842754367934
5102,59.660842754367934
5103,59.660842754367934
5104,59.660842754367934
5105,59.660842754367934
5106,59.660842754367934
5107,59.660842754367934
5108,59.660842754367934
5109,59.660842754367934
5110,59.660842754367934
5111,59.660842754367934
5112,59.660842754367934
5113,59.660842754367934
5114,59.660842754367934
5115,59.660842754367934
5116,59.660842754367934
5117,59.660842754367934
5118,59.660842754367934
5119,59.660842754367934
5120,59.660842754367934
5121,59.660842754367934
5122,59.660842754367934
5123,59.660842754367934
5124,59.660842754367934
5125,59.660842754367934
5126,59.660842754367934
5127,59.660842754367934
5128,59.660842754367934
5132,58.45323741007194
5133,58.45323741007194
5134,58.45323741007194
5135,58.45323741007194
5136,58.45323741007194
5137,58.45323741007194
5138,58.45323741007194
5139,58.45323741007194
5140,58.45323741007194
5141,58.45323741007194
5142,58.45323741007194
5143,58.45323741007194
5144,58.45323741007194
5145,58.45323741007194
5146,58.45323741007194
5147,58.45323741007194
5148,58.45323741007194
5149,58.45323741007194
5150,58.45323741007194
5151,58.45323741007194
5152,58.45323741007194
5153,58.45323741007194
5154,58.45323741007194
5155,58.45323741007194
5156,58.45323741007194
5157,58.45323741007194
5158,58.45323741007194
5159,58.45323741007194
5160,58.45323741007194
5161,58.45323741007194
5162,58.45323741007194
5163,58.45323741007194
5164,58.45323741007194
5165,58.45323741007194
5166,58.45323741007194
5167,58.45323741007194
5168,58.45323741007194
5169,58.45323741007194
5170,58.45323741007194
5171,58.45323741007194
5172,58.45323741007194
5173,58.45323741007194
5174,58.45323741007194
5175,58.45323741007194
5176,58.45323741007194
5177,58.45323741007194
5178,58.45323741007194
5179,58.45323741007194
5180,58.45323741007194
5181,58.45323741007194
5182,58.45323741007194
5183,58.45323741007194
5184,58.45323741007194
5185,58.45323741007194
5186,58.45323741007194
5187,58.45323741007194
5188,58.45323741007194
5189,58.45323741007194
5190,58.45323741007194
5191,58.45323741007194
5192,58.45323741007194
5193,58.45323741007194
5194,58.45323741007194
5195,58.45323741007194
5196,58.45323741007194
5197,58.45323741007194
5198,58.40184994861253
5199,58.40184994861253
5200,58.40184994861253
5201,58.40184994861253
5202,58.40184994861253
5203,58.40184994861253
5204,58.40184994861253
5205,58.40184994861253
5206,58.40184994861253
5207,58.40184994861253
5208,58.40184994861253
5209,58.40184994861253
5210,58.40184994861253
5211,58.40184994861253
5212,58.40184994861253
5213,58.40184994861253
5214,58.40184994861253
5215,58.40184994861253
5216,58.40184994861253
5217,58.40184994861253
5218,58.40184994861253
5219,58.40184994861253
5221,58.144912641315514
5222,58.144912641315514
5223,58.144912641315514
5224,58.144912641315514
5225,58.144912641315514
5226,58.144912641315514
5227,58.144912641315514
5228,58.144912641315514
5229,58.144912641315514
5230,58.144912641315514
5231,58.144912641315514
5232,58.144912641315514
5233,58.144912641315514
5234,58.144912641315514
5235,58.144912641315514
5236,58.144912641315514
5237,58.144912641315514
5238,58.144912641315514
5239,58.144912641315514
5240,58.144912641315514
5241,58.144912641315514
5242,58.144912641315514
5243,58.144912641315514
5244,58.144912641315514
5245,58.144912641315514
5246,58.144912641315514
5247,58.144912641315514
5248,58.144912641315514
5249,58.144912641315514
5250,58.144912641315514
5251,58.144912641315514
5252,58.144912641315514
5253,58.144912641315514
5254,58.144912641315514
5255,58.144912641315514
5256,58.144912641315514
5257,58.144912641315514
5258,58.144912641315514
5259,58.144912641315514
5260,58.144912641315514
5261,58.144912641315514
5262,58.144912641315514
5263,58.144912641315514
5264,58.144912641315514
5265,58.144912641315514
5266,58.144912641315514
5267,58.144912641315514
5268,58.144912641315514
5269,58.144912641315514
5270,58.144912641315514
5272,54.547790339157245
5273,54.547790339157245
5274,54.547790339157245
5275,54.547790339157245
5276,54.547790339157245
5277,54.547790339157245
5278,54.547790339157245
5279,54.547790339157245
5280,54.547790339157245
5281,54.547790339157245
5282,54.547790339157245
5283,54.547790339157245
5284,54.547790339157245
5285,54.547790339157245
5286,54.547790339157245
5287,54.547790339157245
5288,54.547790339157245
5289,54.547790339157245
5290,54.547790339157245
5291,54.547790339157245
5292,54.547790339157245
5293,54.547790339157245
5294,54.547790339157245
5295,54.547790339157245
5296,54.547790339157245
5297,54.547790339157245
5298,54.547790339157245
5299,54.547790339157245
5300,54.547790339157245
5301,54.547790339157245
5302,54.547790339157245
5303,54.547790339157245
5304,54.547790339157245
5305,54.547790339157245
5306,54.547790339157245
5307,54.547790339157245
5308,54.547790339157245
5309,54.547790339157245
5310,54.547790339157245
5311,54.547790339157245
5312,54.547790339157245
5313,54.547790339157245
5314,54.547790339157245
5315,54.547790339157245
5316,54.547790339157245
5317,54.547790339157245
5318,45.452209660842755
5319,45.452209660842755
5320,45.452209660842755
5321,45.452209660842755
5322,45.452209660842755
5323,45.452209660842755
5324,45.452209660842755
5325,45.452209660842755
5326,45.452209660842755
5327,45.452209660842755
5328,45.452209660842755
5329,45.452209660842755
5330,45.452209660842755
5331,45.452209660842755
5332,45.452209660842755
5333,45.452209660842755
5334,45.452209660842755
5335,45.452209660842755
5336,45.452209660842755
5337,45.452209660842755
5338,45.452209660842755
5339,45.452209660842755
5340,45.452209660842755
5341,45.452209660842755
5342,45.452209660842755
5343,45.452209660842755
5344,45.452209660842755
5345,45.452209660842755
5346,45.452209660842755
5347,45.452209660842755
5348,45.452209660842755
5349,45.452209660842755
5350,45.452209660842755
5351,45.452209660842755
5352,45.452209660842755
5353,45.452209660842755
5354,45.452209660842755
5355,45.452209660842755
5356,45.452209660842755
5357,45.452209660842755
5358,45.452209660842755
5359,45.452209660842755
5360,45.452209660842755
5361,45.452209660842755
5362,45.452209660842755
5363,45.452209660842755
5364,45.452209660842755
5365,45.452209660842755
5366,45.452209660842755
5367,45.452209660842755
5368,45.452209660842755
5369,45.452209660842755
5370,45.452209660842755
5371,45.452209660842755
5372,45.452209660842755
5373,45.452209660842755
5374,45.452209660842755
5375,45.452209660842755
5376,45.452209660842755
5377,45.452209660842755
5378,45.452209660842755
5379,45.452209660842755
5380,45.452209660842755
5381,45.452209660842755
5382,45.452209660842755
5383,45.452209660842755
5384,45.452209660842755
5385,45.452209660842755
5386,45.452209660842755
5387,45.452209660842755
5388,45.452209660842755
5389,45.452209660842755
5390,45.452209660842755
5391,45.452209660842755
5392,45.452209660842755
5393,45.452209660842755
5394,45.452209660842755
5395,45.452209660842755
5396,45.452209660842755
5397,45.452209660842755
5398,45.452209660842755
5399,45.452209660842755
5400,45.452209660842755
5401,45.452209660842755
5402,45.452209660842755
5403,45.452209660842755
5404,45.452209660842755
5405,45.452209660842755
5414,41.855087358684486
5415,41.855087358684486
5416,41.855087358684486
5417,41.855087358684486
5418,41.855087358684486
5419,41.855087358684486
5420,41.855087358684486
5421,41.855087358684486
5422,41.855087358684486
5423,41.855087358684486
5424,41.855087358684486
5425,41.855087358684486
5426,41.855087358684486
5427,41.855087358684486
5428,41.855087358684486
5429,41.855087358684486
5430,41.855087358684486
5431,41.855087358684486
5432,41.855087358684486
5433,41.855087358684486
5434,41.855087358684486
5435,41.855087358684486
5436,41.855087358684486
5437,41.855087358684486
5438,41.855087358684486
5439,41.855087358684486
5440,41.855087358684486
5441,41.855087358684486
5442,41.855087358684486
5443,41.855087358684486
5444,41.855087358684486
5445,41.855087358684486
5446,41.855087358684486
5447,41.855087358684486
5448,41.855087358684486
5449,41.855087358684486
5450,41.855087358684486
5451,41.855087358684486
5452,41.855087358684486
5453,41.855087358684486
5454,41.855087358684486
5455,41.855087358684486
5456,41.855087358684486
5457,41.855087358684486
5458,41.855087358684486
5459,41.855087358684486
5460,41.855087358684486
5461,41.855087358684486
5462,41.855087358684486
5463,41.855087358684486
5467,41.598150051387464
5468,41.598150051387464
5469,41.598150051387464
5470,41.598150051387464
5471,41.598150051387464
5472,41.598150051387464
5473,41.598150051387464
5474,41.598150051387464
5475,41.598150051387464
5476,41.598150051387464
5477,41.598150051387464
5478,41.598150051387464
5479,41.598150051387464
5480,41.598150051387464
5481,41.598150051387464
5482,41.598150051387464
5483,41.598150051387464
5484,41.598150051387464
5485,41.598150051387464
5486,41.598150051387464
5487,41.598150051387464
5488,41.598150051387464
5489,41.598150051387464
5490,41.598150051387464
5491,41.598150051387464
5492,41.598150051387464
5493,41.598150051387464
5494,41.598150051387464
5495,41.598150051387464
5496,41.598150051387464
5497,41.598150051387464
5498,41.598150051387464
5499,41.598150051387464
5500,41.598150051387464
5501,41.598150051387464
5502,41.598150051387464
5503,41.598150051387464
5504,41.598150051387464
5505,41.598150051387464
5506,41.598150051387464
5507,41.598150051387464
5508,41.598150051387464
5509,41.598150051387464
5510,41.598150051387464
5511,41.598150051387464
5512,41.598150051387464
5513,41.598150051387464
5514,41.598150051387464
5515,41.598150051387464
5516,41.598150051387464
5517,41.598150051387464
5518,41.598150051387464
5519,41.598150051387464
5520,41.598150051387464
5521,41.598150051387464
5522,41.598150051387464
5523,41.598150051387464
5524,41.598150051387464
5525,41.598150051387464
5526,41.598150051387464
5527,41.598150051387464
5528,41.598150051387464
5529,41.598150051387464
5530,41.598150051387464
5531,41.598150051387464
5532,41.598150051387464
5533,41.598150051387464
5534,41.598150051387464
5535,41.598150051387464
5536,41.598150051387464
5537,41.598150051387464
5538,41.598150051387464
5539,41.598150051387464
5540,41.598150051387464
5541,41.598150051387464
5542,41.598150051387464
5543,41.598150051387464
5544,41.598150051387464
5545,41.598150051387464
5546,41.598150051387464
5547,41.598150051387464
5548,41.598150051387464
5549,41.598150051387464
5550,41.598150051387464
5551,41.598150051387464
5552,41.598150051387464
5553,41.598150051387464
5554,41.598150051387464
5555,41.598150051387464
5556,41.598150051387464
5557,41.598150051387464
5558,41.598150051387464
5559,41.598150051387464
5560,41.598150051387464
5565,41.54676258992806
5566,41.54676258992806
5567,41.54676258992806
5568,41.54676258992806
5569,41.54676258992806
5570,41.54676258992806
5571,41.54676258992806
5572,41.54676258992806
5573,41.54676258992806
5574,41.54676258992806
5575,41.54676258992806
5576,41.54676258992806
5577,41.54676258992806
5578,41.54676258992806
5579,41.54676258992806
5580,41.54676258992806
5581,41.54676258992806
5582,41.54676258992806
5583,41.54676258992806
5584,41.54676258992806
5585,41.54676258992806
5586,41.54676258992806
5587,41.54676258992806
5588,41.54676258992806
5589,41.54676258992806
5590,41.54676258992806
5591,41.54676258992806
5592,41.54676258992806
5593,41.54676258992806
5594,41.54676258992806
5595,41.54676258992806
5596,41.54676258992806
5597,41.54676258992806
5598,41.54676258992806
5599,41.54676258992806
5600,41.54676258992806
5601,41.54676258992806
5602,41.54676258992806
5603,41.54676258992806
5604,41.54676258992806
5605,41.54676258992806
5606,41.54676258992806
5611,40.339157245632066
5612,40.339157245632066
5613,40.339157245632066
5614,40.339157245632066
5615,40.339157245632066
5616,40.339157245632066
5617,40.339157245632066
5618,40.339157245632066
5619,40.339157245632066
5620,40.339157245632066
5621,40.339157245632066
5622,40.339157245632066
5623,40.339157245632066
5624,40.339157245632066
5625,40.339157245632066
5626,40.339157245632066
5627,40.339157245632066
5628,40.339157245632066
5629,40.339157245632066
5630,40.339157245632066
5631,40.339157245632066
5632,40.339157245632066
5633,40.339157245632066
5634,40.339157245632066
5635,40.339157245632066
5636,40.339157245632066
5637,40.339157245632066
5638,40.339157245632066
5639,40.339157245632066
5640,40.339157245632066
5641,40.339157245632066
5643,40.08221993833505
5644,40.08221993833505
5645,40.08221993833505
5646,40.08221993833505
5647,40.08221993833505
5648,40.08221993833505
5649,40.08221993833505
5650,40.08221993833505
5651,40.08221993833505
5652,40.08221993833505
5653,40.08221993833505
5654,40.08221993833505
5655,40.08221993833505
5656,40.08221993833505
5657,40.08221993833505
5658,40.08221993833505
5659,40.08221993833505
5660,40.08221993833505
5661,40.08221993833505
5662,40.08221993833505
5663,40.08221993833505
5664,40.08221993833505
5665,40.08221993833505
5666,40.08221993833505
5667,40.08221993833505
5668,40.08221993833505
5669,40.08221993833505
5670,40.08221993833505
5671,40.08221993833505
5672,40.08221993833505
5673,40.08221993833505
5674,40.08221993833505
5675,40.08221993833505
5676,40.08221993833505
5677,40.08221993833505
5678,40.08221993833505
5679,40.08221993833505
5680,40.08221993833505
5681,40.08221993833505
5682,40.08221993833505
5683,40.08221993833505
5684,40.08221993833505
5685,40.08221993833505
5686,40.08221993833505
5687,40.08221993833505
5688,40.08221993833505
5689,40.03083247687564
5690,40.03083247687564
5691,40.03083247687564
5692,40.03083247687564
5693,40.03083247687564
5694,40.03083247687564
5695,40.03083247687564
5696,40.03083247687564
5697,40.03083247687564
5698,40.03083247687564
5699,40.03083247687564
5700,40.03083247687564
5701,40.03083247687564
5702,40.03083247687564
5703,40.03083247687564
5704,40.03083247687564
5705,40.03083247687564
5706,40.03083247687564
5707,40.03083247687564
5708,40.03083247687564
5709,40.03083247687564
5710,40.03083247687564
5711,40.03083247687564
5712,40.03083247687564
5713,40.03083247687564
5714,40.03083247687564
5715,40.03083247687564
5716,40.03083247687564
5717,40.03083247687564
5718,40.03083247687564
5719,40.03083247687564
5720,36.485097636176775
5721,36.485097636176775
5722,36.485097636176775
5723,36.485097636176775
5724,36.485097636176775
5725,36.485097636176775
5726,36.485097636176775
5727,36.485097636176775
5728,36.485097636176775
5729,36.485097636176775
5730,36.485097636176775
5731,36.485097636176775
5732,36.485097636176775
5733,36.485097636176775
5734,36.485097636176775
5735,36.485097636176775
5736,36.485097636176775
5737,36.485097636176775
5738,36.485097636176775
5739,36.485097636176775
5740,36.485097636176775
5741,36.485097636176775
5742,36.485097636176775
5743,36.485097636176775
5744,36.485097636176775
5745,36.485097636176775
5746,36.485097636176775
5747,36.485097636176775
5748,36.485097636176775
5749,36.485097636176775
5750,36.485097636176775
5751,36.485097636176775
5752,36.485097636176775
5753,36.485097636176775
5754,36.485097636176775
5755,36.485097636176775
5756,36.485097636176775
5757,36.485097636176775
5758,36.485097636176775
5759,36.485097636176775
5760,36.485097636176775
5761,36.485097636176775
5762,36.485097636176775
5763,36.485097636176775
5764,36.485097636176775
5765,36.485097636176775
5766,36.485097636176775
5767,36.485097636176775
5768,36.485097636176775
5769,36.485097636176775
5770,36.485097636176775
5771,36.485097636176775
5772,36.485097636176775
5773,36.485097636176775
5774,36.485097636176775
5775,36.485097636176775
5776,36.485097636176775
5777,36.485097636176775
5778,36.485097636176775
5779,36.485097636176775
5780,36.485097636176775
5781,36.485097636176775
5782,36.485097636176775
5783,36.485097636176775
5784,36.485097636176775
5785,36.485097636176775
5789,36.43371017471736
5790,36.43371017471736
5791,36.43371017471736
5792,36.43371017471736
5793,36.43371017471736
5794,36.43371017471736
5795,36.43371017471736
5796,36.43371017471736
5797,36.43371017471736
5798,36.43371017471736
5799,36.43371017471736
5800,36.43371017471736
5801,36.43371017471736
5802,36.43371017471736
5803,36.43371017471736
5805,36.17677286742035
5806,36.17677286742035
5807,36.17677286742035
5808,36.17677286742035
5809,36.17677286742035
5810,36.17677286742035
5811,36.17677286742035
5812,36.17677286742035
5813,36.17677286742035
5814,36.17677286742035
5815,36.17677286742035
5816,36.17677286742035
5817,36.17677286742035
5818,36.17677286742035
5819,36.17677286742035
5820,36.17677286742035
5821,36.17677286742035
5822,36.17677286742035
5823,36.17677286742035
5824,36.17677286742035
5825,36.17677286742035
5826,36.17677286742035
5827,36.17677286742035
5829,23.484069886947587
5830,23.484069886947587
5831,23.484069886947587
5832,23.484069886947587
5833,23.484069886947587
5834,23.484069886947587
5835,23.484069886947587
5836,23.484069886947587
5837,23.484069886947587
5838,23.484069886947587
5839,23.484069886947587
5840,23.484069886947587
5841,23.484069886947587
5842,23.484069886947587
5843,23.484069886947587
5844,23.484069886947587
5845,23.484069886947587
5846,23.484069886947587
5847,23.484069886947587
5848,23.484069886947587
5849,23.484069886947587
5850,23.484069886947587
5851,23.484069886947587
5852,23.484069886947587
5853,23.484069886947587
5854,23.484069886947587
5855,23.484069886947587
5856,23.484069886947587
5857,23.484069886947587
5858,23.484069886947587
5859,23.484069886947587
5860,23.484069886947587
5861,23.484069886947587
5862,23.484069886947587
5863,23.484069886947587
5864,23.484069886947587
5865,23.484069886947587
5866,23.484069886947587
5867,23.484069886947587
5868,23.484069886947587
5869,23.484069886947587
5870,23.484069886947587
5871,23.484069886947587
5872,23.484069886947587
5873,23.484069886947587
5874,23.484069886947587
5875,23.484069886947587
5876,23.484069886947587
5877,23.484069886947587
5878,23.484069886947587
5879,23.484069886947587
5880,23.484069886947587
5881,23.484069886947587
5882,23.484069886947587
5883,23.484069886947587
5884,23.484069886947587
5885,23.484069886947587
5886,23.484069886947587
5887,23.484069886947587
5888,23.484069886947587
5889,23.484069886947587
5890,23.484069886947587
5891,23.484069886947587
5892,23.484069886947587
5893,23.484069886947587
5894,23.484069886947587
5895,23.484069886947587
5896,23.484069886947587
5897,23.484069886947587
5898,23.484069886947587
5899,23.484069886947587
5900,23.484069886947587
5901,23.484069886947587
5902,23.484069886947587
5903,23.484069886947587
5904,23.484069886947587
5905,23.484069886947587
5912,21.96813977389517
5913,21.96813977389517
5914,21.96813977389517
5915,21.96813977389517
5916,21.96813977389517
5917,21.96813977389517
5918,21.96813977389517
5919,21.96813977389517
5920,21.96813977389517
5921,21.96813977389517
5922,21.96813977389517
5923,21.96813977389517
5924,21.96813977389517
5925,21.96813977389517
5926,21.96813977389517
5927,21.96813977389517
5928,21.96813977389517
5929,21.96813977389517
5930,21.96813977389517
5931,21.96813977389517
5932,21.96813977389517
5933,21.96813977389517
5934,21.96813977389517
5935,21.96813977389517
5936,21.96813977389517
5937,21.96813977389517
5938,21.96813977389517
5939,21.96813977389517
5940,21.96813977389517
5941,21.96813977389517
5942,21.96813977389517
5943,21.96813977389517
5944,21.96813977389517
5945,21.96813977389517
5946,21.96813977389517
5947,21.96813977389517
5948,21.96813977389517
5949,21.96813977389517
5950,21.96813977389517
5951,21.96813977389517
5952,21.96813977389517
5953,21.96813977389517
5954,21.96813977389517
5955,21.96813977389517
5956,21.96813977389517
5962,18.371017471736895
5963,18.371017471736895
5964,18.371017471736895
5965,18.371017471736895
5966,18.371017471736895
5967,18.371017471736895
5968,18.371017471736895
5969,18.371017471736895
5970,18.371017471736895
5971,18.371017471736895
5972,18.371017471736895
5973,18.371017471736895
5974,18.371017471736895
5975,18.371017471736895
5976,18.371017471736895
5977,18.371017471736895
5978,18.371017471736895
5979,18.371017471736895
5980,18.371017471736895
5981,18.371017471736895
5982,18.371017471736895
5983,18.371017471736895
5984,18.371017471736895
5985,18.371017471736895
5986,18.371017471736895
5987,18.371017471736895
5988,18.371017471736895
5989,18.371017471736895
5990,18.371017471736895
5991,18.371017471736895
5992,18.371017471736895
5993,18.371017471736895
5994,18.371017471736895
5995,18.371017471736895
5996,18.371017471736895
5997,18.371017471736895
6002,18.114080164439876
6003,18.114080164439876
6004,18.114080164439876
6005,18.114080164439876
6006,18.114080164439876
6007,18.114080164439876
6008,18.114080164439876
6009,18.114080164439876
6010,18.114080164439876
6011,18.114080164439876
6012,18.114080164439876
6013,18.114080164439876
6014,18.114080164439876
6015,18.114080164439876
6016,18.114080164439876
6017,18.114080164439876
6018,18.114080164439876
6019,18.114080164439876
6020,18.114080164439876
6021,18.114080164439876
6022,18.114080164439876
6023,18.114080164439876
6024,18.114080164439876
6025,18.114080164439876
6026,18.114080164439876
6027,18.114080164439876
6028,18.114080164439876
6029,18.114080164439876
6030,18.114080164439876
6031,18.114080164439876
6032,18.114080164439876
6033,18.114080164439876
6034,18.114080164439876
6035,18.114080164439876
6036,18.114080164439876
6037,18.114080164439876
6038,18.114080164439876
6039,18.114080164439876
6040,18.114080164439876
6041,18.114080164439876
6042,18.114080164439876
6043,18.114080164439876
6044,18.114080164439876
6045,18.114080164439876
6046,18.114080164439876
6047,18.114080164439876
6048,18.114080164439876
6049,18.114080164439876
6050,18.114080164439876
6051,18.114080164439876
6052,18.114080164439876
6053,18.114080164439876
6054,18.114080164439876
6055,18.114080164439876
6056,18.114080164439876
6057,18.114080164439876
6058,18.114080164439876
6059,18.114080164439876
6060,18.114080164439876
6061,18.114080164439876
6062,18.114080164439876
6063,18.114080164439876
6064,18.114080164439876
6065,18.114080164439876
6066,18.114080164439876
6067,18.114080164439876
6068,18.114080164439876
6069,18.114080164439876
6070,18.114080164439876
6071,18.114080164439876
6072,18.114080164439876
6073,18.114080164439876
6074,18.114080164439876
6075,18.114080164439876
6076,18.114080164439876
6077,18.114080164439876
6078,18.114080164439876
6079,18.114080164439876
6080,18.114080164439876
6081,18.114080164439876
6082,18.114080164439876
6083,18.114080164439876
6084,18.114080164439876
6085,18.114080164439876
6086,18.114080164439876
6087,18.114080164439876
6088,18.114080164439876
6089,18.114080164439876
6090,18.114080164439876
6091,18.114080164439876
6092,18.114080164439876
6093,18.114080164439876
6094,18.114080164439876
6095,18.114080164439876
6096,18.114080164439876
6107,18.062692702980474
6108,18.062692702980474
6109,18.062692702980474
6110,18.062692702980474
6111,18.062692702980474
6112,18.062692702980474
6113,18.062692702980474
6114,18.062692702980474
6115,18.062692702980474
6116,18.062692702980474
6117,18.062692702980474
6118,18.062692702980474
6119,18.062692702980474
6120,18.062692702980474
6121,18.062692702980474
6122,18.062692702980474
6123,18.062692702980474
6124,18.062692702980474
6125,18.062692702980474
6126,18.062692702980474
6127,18.062692702980474
6128,18.062692702980474
6129,18.062692702980474
6130,18.062692702980474
6131,18.062692702980474
6132,18.062692702980474
6133,18.062692702980474
6134,18.062692702980474
6135,18.062692702980474
6136,18.062692702980474
6137,18.062692702980474
6138,18.062692702980474
6139,18.062692702980474
6140,18.062692702980474
6141,18.062692702980474
6142,18.062692702980474
6143,18.062692702980474
