,Tipo,Valor
0,Pretest,51.670877627878156
1,Pretest,28.126042808790576
2,Pretest,0
3,Pretest,51.670877627878156
4,Pretest,0
5,Pretest,100
6,Pretest,51.670877627878156
7,Pretest,51.670877627878156
8,Pretest,100
9,Pretest,0
10,Pretest,51.670877627878156
11,Pretest,100
12,Pretest,79.79692043666874
13,Pretest,100
14,Pretest,0
15,Pretest,51.670877627878156
16,Pretest,0
17,Pretest,79.79692043666874
18,Pretest,79.79692043666874
19,Pretest,20.203079563331265
20,Pretest,71.87395719120941
21,Pretest,79.79692043666874
22,Pretest,100
23,Pretest,100
24,Pretest,20.203079563331265
25,Pretest,71.87395719120941
26,Pretest,71.87395719120941
27,Pretest,71.87395719120941
28,Pretest,100
29,Pretest,0
30,Pretest,28.126042808790576
31,Pretest,0
32,Pretest,51.670877627878156
33,Pretest,51.670877627878156
34,Pretest,20.203079563331265
35,Pretest,51.670877627878156
36,Pretest,0
37,Pretest,28.126042808790576
38,Pretest,20.203079563331265
39,Pretest,28.126042808790576
40,Pretest,20.203079563331265
41,Pretest,71.87395719120941
42,Pretest,51.670877627878156
43,Pretest,79.79692043666874
44,Pretest,0
45,Pretest,0
46,Pretest,28.126042808790576
47,Pretest,71.87395719120941
48,Pretest,28.126042808790576
49,Pretest,100
50,Pretest,51.670877627878156
51,Pretest,20.203079563331265
52,Pretest,48.329122372121844
53,Pretest,20.203079563331265
54,Pretest,71.87395719120941
55,Pretest,0
56,Pretest,20.203079563331265
57,Pretest,51.670877627878156
58,Pretest,79.79692043666874
59,Pretest,51.670877627878156
60,Pretest,100
61,Pretest,51.670877627878156
62,Pretest,0
63,Pretest,100
64,Pretest,51.670877627878156
65,Pretest,0
66,Pretest,79.79692043666874
67,Pretest,51.670877627878156
68,Pretest,48.329122372121844
69,Pretest,79.79692043666874
70,Pretest,0
71,Pretest,0
72,Pretest,0
73,Pretest,100
74,Pretest,0
75,Pretest,0
76,Pretest,0
77,Pretest,71.87395719120941
78,Pretest,51.670877627878156
79,Pretest,51.670877627878156
80,Pretest,71.87395719120941
81,Pretest,51.670877627878156
82,Pretest,28.126042808790576
83,Pretest,71.87395719120941
84,Pretest,0
85,Pretest,48.329122372121844
86,Pretest,71.87395719120941
87,Pretest,71.87395719120941
88,Pretest,51.670877627878156
89,Pretest,71.87395719120941
90,Pretest,0
91,Pretest,20.203079563331265
92,Pretest,48.329122372121844
93,Pretest,0
94,Pretest,79.79692043666874
95,Pretest,51.670877627878156
96,Pretest,28.126042808790576
97,Pretest,0
98,Pretest,100
99,Pretest,0
100,Pretest,71.87395719120941
101,Pretest,28.126042808790576
102,Pretest,51.670877627878156
103,Pretest,51.670877627878156
104,Pretest,51.670877627878156
105,Pretest,100
106,Pretest,0
107,Pretest,0
108,Pretest,100
109,Pretest,79.79692043666874
110,Pretest,0
111,Pretest,0
112,Pretest,28.126042808790576
113,Pretest,71.87395719120941
114,Pretest,0
115,Pretest,0
116,Pretest,79.79692043666874
117,Pretest,0
118,Pretest,51.670877627878156
119,Pretest,51.670877627878156
120,Pretest,20.203079563331265
121,Pretest,0
122,Pretest,51.670877627878156
123,Pretest,51.670877627878156
124,Pretest,0
125,Pretest,0
126,Pretest,0
127,Pretest,0
128,Pretest,79.79692043666874
129,Pretest,100
130,Pretest,28.126042808790576
131,Pretest,100
132,Pretest,51.670877627878156
133,Pretest,100
134,Pretest,51.670877627878156
135,Pretest,71.87395719120941
136,Pretest,20.203079563331265
137,Pretest,28.126042808790576
138,Pretest,100
139,Pretest,100
140,Pretest,0
141,Pretest,51.670877627878156
142,Pretest,79.79692043666874
143,Pretest,28.126042808790576
144,Pretest,48.329122372121844
145,Pretest,20.203079563331265
146,Pretest,0
147,Pretest,100
148,Pretest,79.79692043666874
149,Pretest,71.87395719120941
150,Pretest,71.87395719120941
151,Pretest,100
152,Pretest,51.670877627878156
153,Pretest,20.203079563331265
154,Pretest,100
155,Pretest,20.203079563331265
156,Pretest,51.670877627878156
157,Pretest,51.670877627878156
158,Pretest,20.203079563331265
159,Pretest,100
160,Pretest,48.329122372121844
161,Pretest,71.87395719120941
162,Pretest,0
163,Pretest,20.203079563331265
164,Pretest,28.126042808790576
165,Pretest,0
166,Pretest,0
167,Pretest,20.203079563331265
168,Pretest,28.126042808790576
169,Pretest,20.203079563331265
170,Pretest,28.126042808790576
171,Pretest,48.329122372121844
172,Pretest,71.87395719120941
173,Pretest,0
174,Pretest,71.87395719120941
175,Pretest,20.203079563331265
176,Pretest,71.87395719120941
177,Pretest,20.203079563331265
178,Pretest,51.670877627878156
179,Pretest,28.126042808790576
180,Pretest,51.670877627878156
181,Pretest,79.79692043666874
182,Pretest,48.329122372121844
183,Pretest,79.79692043666874
184,Pretest,51.670877627878156
185,Pretest,79.79692043666874
186,Pretest,79.79692043666874
187,Pretest,51.670877627878156
188,Pretest,0
189,Pretest,0
190,Pretest,0
191,Pretest,51.670877627878156
192,Pretest,0
193,Pretest,0
194,Pretest,0
195,Pretest,0
196,Pretest,0
197,Pretest,48.329122372121844
198,Pretest,71.87395719120941
199,Pretest,28.126042808790576
200,Pretest,51.670877627878156
201,Pretest,28.126042808790576
202,Pretest,71.87395719120941
203,Pretest,28.126042808790576
204,Pretest,100
205,Pretest,0
206,Pretest,28.126042808790576
207,Pretest,100
208,Pretest,20.203079563331265
209,Pretest,20.203079563331265
210,Pretest,79.79692043666874
211,Pretest,100
212,Pretest,100
213,Pretest,79.79692043666874
214,Pretest,100
215,Pretest,79.79692043666874
216,Pretest,28.126042808790576
217,Pretest,0
218,Pretest,51.670877627878156
219,Pretest,20.203079563331265
220,Pretest,51.670877627878156
221,Pretest,100
222,Pretest,100
223,Pretest,71.87395719120941
224,Pretest,79.79692043666874
225,Pretest,71.87395719120941
226,Pretest,71.87395719120941
227,Pretest,28.126042808790576
228,Pretest,79.79692043666874
229,Pretest,48.329122372121844
230,Pretest,51.670877627878156
231,Pretest,28.126042808790576
232,Pretest,20.203079563331265
233,Pretest,51.670877627878156
234,Pretest,0
235,Pretest,0
236,Pretest,79.79692043666874
237,Pretest,20.203079563331265
238,Pretest,20.203079563331265
239,Pretest,48.329122372121844
240,Pretest,0
241,Pretest,51.670877627878156
242,Pretest,0
243,Pretest,48.329122372121844
244,Pretest,28.126042808790576
245,Pretest,79.79692043666874
246,Pretest,79.79692043666874
247,Pretest,71.87395719120941
248,Pretest,28.126042808790576
249,Pretest,20.203079563331265
250,Pretest,28.126042808790576
251,Pretest,0
252,Pretest,51.670877627878156
253,Pretest,71.87395719120941
254,Pretest,0
255,Pretest,0
256,Pretest,28.126042808790576
257,Pretest,71.87395719120941
258,Pretest,28.126042808790576
259,Pretest,0
260,Pretest,0
261,Pretest,51.670877627878156
262,Pretest,0
263,Pretest,71.87395719120941
264,Pretest,28.126042808790576
265,Pretest,48.329122372121844
266,Pretest,100
267,Pretest,71.87395719120941
268,Pretest,0
269,Pretest,0
270,Pretest,51.670877627878156
271,Pretest,28.126042808790576
272,Pretest,20.203079563331265
273,Pretest,71.87395719120941
274,Pretest,51.670877627878156
275,Pretest,0
276,Pretest,48.329122372121844
277,Pretest,100
278,Pretest,51.670877627878156
279,Pretest,51.670877627878156
280,Pretest,51.670877627878156
281,Pretest,28.126042808790576
282,Pretest,0
283,Pretest,0
284,Pretest,51.670877627878156
285,Pretest,0
286,Pretest,20.203079563331265
287,Pretest,20.203079563331265
288,Pretest,20.203079563331265
289,Pretest,48.329122372121844
290,Pretest,71.87395719120941
291,Pretest,79.79692043666874
292,Pretest,48.329122372121844
293,Pretest,100
294,Pretest,71.87395719120941
295,Pretest,51.670877627878156
296,Pretest,28.126042808790576
297,Pretest,20.203079563331265
298,Pretest,79.79692043666874
299,Pretest,28.126042808790576
300,Pretest,28.126042808790576
301,Pretest,51.670877627878156
302,Pretest,20.203079563331265
303,Pretest,0
304,Pretest,79.79692043666874
305,Pretest,0
306,Pretest,51.670877627878156
307,Pretest,51.670877627878156
308,Pretest,28.126042808790576
309,Pretest,28.126042808790576
310,Pretest,28.126042808790576
311,Pretest,51.670877627878156
312,Pretest,20.203079563331265
313,Pretest,51.670877627878156
314,Pretest,51.670877627878156
315,Pretest,71.87395719120941
316,Pretest,28.126042808790576
317,Pretest,51.670877627878156
318,Pretest,20.203079563331265
319,Pretest,0
320,Pretest,51.670877627878156
321,Pretest,79.79692043666874
322,Pretest,0
323,Pretest,100
324,Pretest,51.670877627878156
325,Pretest,71.87395719120941
326,Pretest,51.670877627878156
327,Pretest,100
328,Pretest,0
329,Pretest,28.126042808790576
330,Pretest,28.126042808790576
331,Pretest,0
332,Pretest,0
333,Pretest,51.670877627878156
334,Pretest,0
335,Pretest,51.670877627878156
336,Pretest,51.670877627878156
337,Pretest,51.670877627878156
338,Pretest,79.79692043666874
339,Pretest,28.126042808790576
340,Pretest,100
341,Pretest,100
342,Pretest,100
343,Pretest,20.203079563331265
344,Pretest,0
345,Pretest,51.670877627878156
346,Pretest,48.329122372121844
347,Pretest,0
348,Pretest,100
349,Pretest,0
350,Pretest,28.126042808790576
351,Pretest,79.79692043666874
352,Pretest,51.670877627878156
353,Pretest,51.670877627878156
354,Pretest,0
355,Pretest,0
356,Pretest,71.87395719120941
357,Pretest,51.670877627878156
358,Pretest,0
359,Pretest,51.670877627878156
360,Pretest,51.670877627878156
361,Pretest,51.670877627878156
362,Pretest,71.87395719120941
363,Pretest,51.670877627878156
364,Pretest,71.87395719120941
365,Pretest,51.670877627878156
366,Pretest,51.670877627878156
367,Pretest,51.670877627878156
368,Pretest,79.79692043666874
369,Pretest,79.79692043666874
370,Pretest,51.670877627878156
371,Pretest,51.670877627878156
372,Pretest,0
373,Pretest,51.670877627878156
374,Pretest,28.126042808790576
375,Pretest,0
376,Pretest,51.670877627878156
377,Pretest,0
378,Pretest,79.79692043666874
379,Pretest,51.670877627878156
380,Pretest,51.670877627878156
381,Pretest,100
382,Pretest,79.79692043666874
383,Pretest,28.126042808790576
384,Pretest,71.87395719120941
385,Pretest,0
386,Pretest,0
387,Pretest,0
388,Pretest,51.670877627878156
389,Pretest,51.670877627878156
390,Pretest,79.79692043666874
391,Pretest,100
392,Pretest,71.87395719120941
393,Pretest,0
394,Pretest,79.79692043666874
395,Pretest,51.670877627878156
396,Pretest,51.670877627878156
397,Pretest,20.203079563331265
398,Pretest,51.670877627878156
399,Pretest,0
400,Pretest,79.79692043666874
401,Pretest,28.126042808790576
402,Pretest,79.79692043666874
403,Pretest,79.79692043666874
404,Pretest,51.670877627878156
405,Pretest,100
406,Pretest,79.79692043666874
407,Pretest,79.79692043666874
408,Pretest,51.670877627878156
409,Pretest,51.670877627878156
410,Pretest,79.79692043666874
411,Pretest,51.670877627878156
412,Pretest,51.670877627878156
413,Pretest,20.203079563331265
414,Pretest,100
415,Pretest,71.87395719120941
416,Pretest,79.79692043666874
417,Pretest,51.670877627878156
418,Pretest,79.79692043666874
419,Pretest,51.670877627878156
420,Pretest,51.670877627878156
421,Pretest,100
422,Pretest,79.79692043666874
423,Pretest,51.670877627878156
424,Pretest,51.670877627878156
425,Pretest,51.670877627878156
426,Pretest,51.670877627878156
427,Pretest,51.670877627878156
428,Pretest,79.79692043666874
429,Pretest,79.79692043666874
430,Pretest,79.79692043666874
431,Pretest,51.670877627878156
432,Pretest,28.126042808790576
433,Pretest,71.87395719120941
434,Pretest,51.670877627878156
435,Pretest,100
436,Pretest,51.670877627878156
437,Pretest,20.203079563331265
438,Pretest,0
439,Pretest,79.79692043666874
440,Pretest,0
441,Pretest,0
442,Pretest,51.670877627878156
443,Pretest,79.79692043666874
444,Pretest,0
445,Pretest,0
446,Pretest,20.203079563331265
447,Pretest,28.126042808790576
448,Pretest,71.87395719120941
449,Pretest,71.87395719120941
450,Pretest,20.203079563331265
451,Pretest,48.329122372121844
452,Pretest,100
453,Pretest,79.79692043666874
454,Pretest,0
455,Pretest,79.79692043666874
456,Pretest,51.670877627878156
457,Pretest,79.79692043666874
458,Pretest,71.87395719120941
459,Pretest,51.670877627878156
460,Pretest,0
461,Pretest,48.329122372121844
462,Pretest,71.87395719120941
463,Pretest,51.670877627878156
464,Pretest,48.329122372121844
465,Pretest,0
466,Pretest,51.670877627878156
467,Pretest,79.79692043666874
468,Pretest,28.126042808790576
469,Pretest,51.670877627878156
470,Pretest,51.670877627878156
471,Pretest,0
472,Pretest,79.79692043666874
473,Pretest,79.79692043666874
474,Pretest,51.670877627878156
475,Pretest,20.203079563331265
476,Pretest,20.203079563331265
477,Pretest,28.126042808790576
478,Pretest,0
479,Pretest,51.670877627878156
480,Pretest,51.670877627878156
481,Pretest,0
482,Pretest,79.79692043666874
483,Pretest,51.670877627878156
484,Pretest,20.203079563331265
485,Pretest,0
486,Pretest,0
487,Pretest,20.203079563331265
488,Pretest,71.87395719120941
489,Pretest,28.126042808790576
490,Pretest,51.670877627878156
491,Pretest,79.79692043666874
492,Pretest,28.126042808790576
493,Pretest,100
494,Pretest,51.670877627878156
495,Pretest,28.126042808790576
496,Pretest,20.203079563331265
497,Pretest,0
498,Pretest,51.670877627878156
499,Pretest,28.126042808790576
500,Pretest,51.670877627878156
501,Pretest,20.203079563331265
502,Pretest,71.87395719120941
503,Pretest,0
504,Pretest,100
505,Pretest,0
506,Pretest,0
507,Pretest,79.79692043666874
508,Pretest,51.670877627878156
509,Pretest,28.126042808790576
510,Pretest,0
511,Pretest,28.126042808790576
512,Pretest,20.203079563331265
513,Pretest,20.203079563331265
514,Pretest,0
515,Pretest,20.203079563331265
516,Pretest,79.79692043666874
517,Pretest,28.126042808790576
518,Pretest,0
519,Pretest,51.670877627878156
520,Pretest,71.87395719120941
521,Pretest,28.126042808790576
522,Pretest,71.87395719120941
523,Pretest,0
524,Pretest,71.87395719120941
525,Pretest,79.79692043666874
526,Pretest,51.670877627878156
527,Pretest,0
528,Pretest,51.670877627878156
529,Pretest,20.203079563331265
530,Pretest,100
531,Pretest,79.79692043666874
532,Pretest,20.203079563331265
533,Pretest,71.87395719120941
534,Pretest,20.203079563331265
535,Pretest,79.79692043666874
536,Pretest,51.670877627878156
537,Pretest,28.126042808790576
538,Pretest,100
539,Pretest,0
540,Pretest,79.79692043666874
541,Pretest,51.670877627878156
542,Pretest,100
543,Pretest,0
544,Pretest,71.87395719120941
545,Pretest,79.79692043666874
546,Pretest,71.87395719120941
547,Pretest,0
548,Pretest,51.670877627878156
549,Pretest,20.203079563331265
550,Pretest,20.203079563331265
551,Pretest,0
552,Pretest,100
553,Pretest,20.203079563331265
554,Pretest,71.87395719120941
555,Pretest,0
556,Pretest,79.79692043666874
557,Pretest,100
558,Pretest,79.79692043666874
559,Pretest,79.79692043666874
560,Pretest,0
561,Pretest,28.126042808790576
562,Pretest,51.670877627878156
563,Pretest,100
564,Pretest,100
565,Pretest,0
566,Pretest,0
567,Pretest,20.203079563331265
568,Pretest,71.87395719120941
569,Pretest,0
570,Pretest,20.203079563331265
571,Pretest,51.670877627878156
572,Pretest,79.79692043666874
573,Pretest,28.126042808790576
574,Pretest,79.79692043666874
575,Pretest,51.670877627878156
576,Pretest,51.670877627878156
577,Pretest,0
578,Pretest,79.79692043666874
579,Pretest,0
580,Pretest,28.126042808790576
581,Pretest,71.87395719120941
582,Pretest,79.79692043666874
583,Pretest,51.670877627878156
584,Pretest,51.670877627878156
585,Pretest,51.670877627878156
586,Pretest,51.670877627878156
587,Pretest,51.670877627878156
588,Pretest,51.670877627878156
589,Pretest,20.203079563331265
590,Pretest,51.670877627878156
591,Pretest,51.670877627878156
592,Pretest,20.203079563331265
593,Pretest,79.79692043666874
594,Pretest,71.87395719120941
595,Pretest,0
596,Pretest,0
597,Pretest,79.79692043666874
598,Pretest,20.203079563331265
599,Pretest,20.203079563331265
600,Pretest,0
601,Pretest,0
602,Pretest,71.87395719120941
603,Pretest,0
604,Pretest,79.79692043666874
605,Pretest,100
606,Pretest,0
607,Pretest,100
608,Pretest,0
609,Pretest,51.670877627878156
610,Pretest,71.87395719120941
611,Pretest,100
612,Pretest,28.126042808790576
613,Pretest,51.670877627878156
614,Pretest,0
615,Pretest,0
616,Pretest,28.126042808790576
617,Pretest,0
618,Pretest,0
619,Pretest,51.670877627878156
620,Pretest,28.126042808790576
621,Pretest,71.87395719120941
622,Pretest,0
623,Pretest,51.670877627878156
624,Pretest,51.670877627878156
625,Pretest,28.126042808790576
626,Pretest,100
627,Pretest,71.87395719120941
628,Pretest,51.670877627878156
629,Pretest,51.670877627878156
630,Pretest,100
631,Pretest,100
632,Pretest,79.79692043666874
633,Pretest,20.203079563331265
634,Pretest,0
635,Pretest,71.87395719120941
636,Pretest,51.670877627878156
637,Pretest,100
638,Pretest,48.329122372121844
639,Pretest,51.670877627878156
640,Pretest,0
641,Pretest,51.670877627878156
642,Pretest,20.203079563331265
643,Pretest,51.670877627878156
644,Pretest,20.203079563331265
645,Pretest,28.126042808790576
646,Pretest,28.126042808790576
647,Pretest,51.670877627878156
648,Pretest,51.670877627878156
649,Pretest,71.87395719120941
650,Pretest,79.79692043666874
651,Pretest,20.203079563331265
652,Pretest,0
653,Pretest,51.670877627878156
654,Pretest,51.670877627878156
655,Pretest,51.670877627878156
656,Pretest,51.670877627878156
657,Pretest,71.87395719120941
658,Pretest,51.670877627878156
659,Pretest,0
660,Pretest,51.670877627878156
661,Pretest,48.329122372121844
662,Pretest,20.203079563331265
663,Pretest,71.87395719120941
664,Pretest,0
665,Pretest,0
666,Pretest,71.87395719120941
667,Pretest,0
668,Pretest,0
669,Pretest,28.126042808790576
670,Pretest,20.203079563331265
671,Pretest,51.670877627878156
672,Pretest,79.79692043666874
673,Pretest,51.670877627878156
674,Pretest,100
675,Pretest,28.126042808790576
676,Pretest,71.87395719120941
677,Pretest,0
678,Pretest,51.670877627878156
679,Pretest,51.670877627878156
680,Pretest,0
681,Pretest,71.87395719120941
682,Pretest,51.670877627878156
683,Pretest,28.126042808790576
684,Pretest,0
685,Pretest,51.670877627878156
686,Pretest,51.670877627878156
687,Pretest,51.670877627878156
688,Pretest,20.203079563331265
689,Pretest,51.670877627878156
690,Pretest,0
691,Pretest,0
692,Pretest,71.87395719120941
693,Pretest,0
694,Pretest,28.126042808790576
695,Pretest,0
696,Pretest,79.79692043666874
697,Pretest,71.87395719120941
698,Pretest,20.203079563331265
699,Pretest,100
700,Pretest,0
701,Pretest,51.670877627878156
702,Pretest,100
703,Pretest,51.670877627878156
704,Pretest,28.126042808790576
705,Pretest,0
706,Pretest,51.670877627878156
707,Pretest,51.670877627878156
708,Pretest,28.126042808790576
709,Pretest,79.79692043666874
710,Pretest,51.670877627878156
711,Pretest,51.670877627878156
712,Pretest,20.203079563331265
713,Pretest,79.79692043666874
714,Pretest,51.670877627878156
715,Pretest,79.79692043666874
716,Pretest,20.203079563331265
717,Pretest,51.670877627878156
718,Pretest,0
719,Pretest,79.79692043666874
720,Pretest,51.670877627878156
721,Pretest,79.79692043666874
722,Pretest,0
723,Pretest,71.87395719120941
724,Pretest,51.670877627878156
725,Pretest,71.87395719120941
726,Pretest,51.670877627878156
727,Pretest,71.87395719120941
728,Pretest,100
729,Pretest,100
730,Pretest,100
731,Pretest,100
732,Pretest,100
733,Pretest,79.79692043666874
734,Pretest,79.79692043666874
735,Pretest,71.87395719120941
736,Pretest,71.87395719120941
737,Pretest,71.87395719120941
738,Pretest,51.670877627878156
739,Pretest,51.670877627878156
740,Pretest,51.670877627878156
741,Pretest,51.670877627878156
742,Pretest,51.670877627878156
743,Pretest,51.670877627878156
744,Pretest,28.126042808790576
745,Pretest,28.126042808790576
746,Pretest,28.126042808790576
747,Pretest,28.126042808790576
748,Pretest,20.203079563331265
749,Pretest,0
750,Pretest,0
751,Postest,100
752,Postest,28.126042808790576
753,Postest,51.670877627878156
754,Postest,71.87395719120941
755,Postest,28.126042808790576
756,Postest,28.126042808790576
757,Postest,51.670877627878156
758,Postest,100
759,Postest,100
760,Postest,51.670877627878156
761,Postest,0
762,Postest,79.79692043666874
763,Postest,0
764,Postest,28.126042808790576
765,Postest,79.79692043666874
766,Postest,20.203079563331265
767,Postest,28.126042808790576
768,Postest,71.87395719120941
769,Postest,100
770,Postest,51.670877627878156
771,Postest,51.670877627878156
772,Postest,100
773,Postest,48.329122372121844
774,Postest,71.87395719120941
775,Postest,0
776,Postest,0
777,Postest,20.203079563331265
778,Postest,51.670877627878156
779,Postest,100
780,Postest,51.670877627878156
781,Postest,0
782,Postest,0
783,Postest,51.670877627878156
784,Postest,71.87395719120941
785,Postest,48.329122372121844
786,Postest,71.87395719120941
787,Postest,51.670877627878156
788,Postest,48.329122372121844
789,Postest,51.670877627878156
790,Postest,51.670877627878156
791,Postest,28.126042808790576
792,Postest,0
793,Postest,51.670877627878156
794,Postest,48.329122372121844
795,Postest,100
796,Postest,71.87395719120941
797,Postest,28.126042808790576
798,Postest,0
799,Postest,79.79692043666874
800,Postest,71.87395719120941
801,Postest,100
802,Postest,0
803,Postest,100
804,Postest,71.87395719120941
805,Postest,100
806,Postest,0
807,Postest,51.670877627878156
808,Postest,20.203079563331265
809,Postest,51.670877627878156
810,Postest,51.670877627878156
811,Postest,51.670877627878156
812,Postest,100
813,Postest,28.126042808790576
814,Postest,51.670877627878156
815,Postest,51.670877627878156
816,Postest,51.670877627878156
817,Postest,20.203079563331265
818,Postest,20.203079563331265
819,Postest,71.87395719120941
820,Postest,51.670877627878156
821,Postest,0
822,Postest,51.670877627878156
823,Postest,100
824,Postest,79.79692043666874
825,Postest,71.87395719120941
826,Postest,0
827,Postest,0
828,Postest,79.79692043666874
829,Postest,100
830,Postest,100
831,Postest,28.126042808790576
832,Postest,51.670877627878156
833,Postest,0
834,Postest,71.87395719120941
835,Postest,0
836,Postest,48.329122372121844
837,Postest,100
838,Postest,79.79692043666874
839,Postest,71.87395719120941
840,Postest,28.126042808790576
841,Postest,51.670877627878156
842,Postest,79.79692043666874
843,Postest,79.79692043666874
844,Postest,20.203079563331265
845,Postest,51.670877627878156
846,Postest,51.670877627878156
847,Postest,71.87395719120941
848,Postest,51.670877627878156
849,Postest,20.203079563331265
850,Postest,100
851,Postest,71.87395719120941
852,Postest,71.87395719120941
853,Postest,79.79692043666874
854,Postest,0
855,Postest,71.87395719120941
856,Postest,71.87395719120941
857,Postest,79.79692043666874
858,Postest,0
859,Postest,100
860,Postest,51.670877627878156
861,Postest,100
862,Postest,28.126042808790576
863,Postest,79.79692043666874
864,Postest,71.87395719120941
865,Postest,0
866,Postest,100
867,Postest,51.670877627878156
868,Postest,20.203079563331265
869,Postest,51.670877627878156
870,Postest,51.670877627878156
871,Postest,20.203079563331265
872,Postest,51.670877627878156
873,Postest,20.203079563331265
874,Postest,0
875,Postest,0
876,Postest,28.126042808790576
877,Postest,48.329122372121844
878,Postest,79.79692043666874
879,Postest,28.126042808790576
880,Postest,28.126042808790576
881,Postest,79.79692043666874
882,Postest,100
883,Postest,51.670877627878156
884,Postest,100
885,Postest,71.87395719120941
886,Postest,100
887,Postest,0
888,Postest,20.203079563331265
889,Postest,48.329122372121844
890,Postest,79.79692043666874
891,Postest,51.670877627878156
892,Postest,79.79692043666874
893,Postest,79.79692043666874
894,Postest,71.87395719120941
895,Postest,100
896,Postest,79.79692043666874
897,Postest,51.670877627878156
898,Postest,51.670877627878156
899,Postest,51.670877627878156
900,Postest,20.203079563331265
901,Postest,20.203079563331265
902,Postest,100
903,Postest,51.670877627878156
904,Postest,20.203079563331265
905,Postest,20.203079563331265
906,Postest,20.203079563331265
907,Postest,79.79692043666874
908,Postest,51.670877627878156
909,Postest,79.79692043666874
910,Postest,79.79692043666874
911,Postest,0
912,Postest,71.87395719120941
913,Postest,79.79692043666874
914,Postest,71.87395719120941
915,Postest,51.670877627878156
916,Postest,71.87395719120941
917,Postest,51.670877627878156
918,Postest,0
919,Postest,79.79692043666874
920,Postest,0
921,Postest,51.670877627878156
922,Postest,71.87395719120941
923,Postest,71.87395719120941
924,Postest,79.79692043666874
925,Postest,51.670877627878156
926,Postest,0
927,Postest,51.670877627878156
928,Postest,48.329122372121844
929,Postest,51.670877627878156
930,Postest,20.203079563331265
931,Postest,51.670877627878156
932,Postest,20.203079563331265
933,Postest,79.79692043666874
934,Postest,20.203079563331265
935,Postest,100
936,Postest,51.670877627878156
937,Postest,51.670877627878156
938,Postest,51.670877627878156
939,Postest,0
940,Postest,0
941,Postest,51.670877627878156
942,Postest,51.670877627878156
943,Postest,71.87395719120941
944,Postest,0
945,Postest,71.87395719120941
946,Postest,0
947,Postest,71.87395719120941
948,Postest,71.87395719120941
949,Postest,51.670877627878156
950,Postest,51.670877627878156
951,Postest,51.670877627878156
952,Postest,28.126042808790576
953,Postest,20.203079563331265
954,Postest,28.126042808790576
955,Postest,51.670877627878156
956,Postest,28.126042808790576
957,Postest,48.329122372121844
958,Postest,51.670877627878156
959,Postest,0
960,Postest,71.87395719120941
961,Postest,100
962,Postest,100
963,Postest,100
964,Postest,51.670877627878156
965,Postest,51.670877627878156
966,Postest,79.79692043666874
967,Postest,71.87395719120941
968,Postest,0
969,Postest,51.670877627878156
970,Postest,48.329122372121844
971,Postest,0
972,Postest,79.79692043666874
973,Postest,79.79692043666874
974,Postest,51.670877627878156
975,Postest,71.87395719120941
976,Postest,71.87395719120941
977,Postest,79.79692043666874
978,Postest,28.126042808790576
979,Postest,79.79692043666874
980,Postest,100
981,Postest,51.670877627878156
982,Postest,71.87395719120941
983,Postest,20.203079563331265
984,Postest,100
985,Postest,51.670877627878156
986,Postest,20.203079563331265
987,Postest,48.329122372121844
988,Postest,51.670877627878156
989,Postest,28.126042808790576
990,Postest,51.670877627878156
991,Postest,71.87395719120941
992,Postest,79.79692043666874
993,Postest,20.203079563331265
994,Postest,48.329122372121844
995,Postest,28.126042808790576
996,Postest,0
997,Postest,79.79692043666874
998,Postest,51.670877627878156
999,Postest,28.126042808790576
1000,Postest,100
1001,Postest,48.329122372121844
1002,Postest,28.126042808790576
1003,Postest,79.79692043666874
1004,Postest,28.126042808790576
1005,Postest,0
1006,Postest,71.87395719120941
1007,Postest,28.126042808790576
1008,Postest,71.87395719120941
1009,Postest,28.126042808790576
1010,Postest,0
1011,Postest,51.670877627878156
1012,Postest,51.670877627878156
1013,Postest,20.203079563331265
1014,Postest,0
1015,Postest,48.329122372121844
1016,Postest,100
1017,Postest,71.87395719120941
1018,Postest,20.203079563331265
1019,Postest,20.203079563331265
1020,Postest,20.203079563331265
1021,Postest,51.670877627878156
1022,Postest,20.203079563331265
1023,Postest,28.126042808790576
1024,Postest,20.203079563331265
1025,Postest,71.87395719120941
1026,Postest,51.670877627878156
1027,Postest,79.79692043666874
1028,Postest,79.79692043666874
1029,Postest,20.203079563331265
1030,Postest,79.79692043666874
1031,Postest,48.329122372121844
1032,Postest,51.670877627878156
1033,Postest,20.203079563331265
1034,Postest,100
1035,Postest,79.79692043666874
1036,Postest,28.126042808790576
1037,Postest,48.329122372121844
1038,Postest,0
1039,Postest,0
1040,Postest,51.670877627878156
1041,Postest,71.87395719120941
1042,Postest,71.87395719120941
1043,Postest,20.203079563331265
1044,Postest,100
1045,Postest,100
1046,Postest,71.87395719120941
1047,Postest,100
1048,Postest,71.87395719120941
1049,Postest,79.79692043666874
1050,Postest,79.79692043666874
1051,Postest,0
1052,Postest,0
1053,Postest,71.87395719120941
1054,Postest,71.87395719120941
1055,Postest,71.87395719120941
1056,Postest,51.670877627878156
1057,Postest,71.87395719120941
1058,Postest,71.87395719120941
1059,Postest,71.87395719120941
1060,Postest,0
1061,Postest,28.126042808790576
1062,Postest,79.79692043666874
1063,Postest,0
1064,Postest,51.670877627878156
1065,Postest,71.87395719120941
1066,Postest,0
1067,Postest,79.79692043666874
1068,Postest,51.670877627878156
1069,Postest,51.670877627878156
1070,Postest,51.670877627878156
1071,Postest,51.670877627878156
1072,Postest,71.87395719120941
1073,Postest,0
1074,Postest,48.329122372121844
1075,Postest,79.79692043666874
1076,Postest,51.670877627878156
1077,Postest,51.670877627878156
1078,Postest,79.79692043666874
1079,Postest,51.670877627878156
1080,Postest,0
1081,Postest,71.87395719120941
1082,Postest,51.670877627878156
1083,Postest,71.87395719120941
1084,Postest,71.87395719120941
1085,Postest,28.126042808790576
1086,Postest,71.87395719120941
1087,Postest,71.87395719120941
1088,Postest,100
1089,Postest,79.79692043666874
1090,Postest,100
1091,Postest,20.203079563331265
1092,Postest,20.203079563331265
1093,Postest,79.79692043666874
1094,Postest,20.203079563331265
1095,Postest,51.670877627878156
1096,Postest,51.670877627878156
1097,Postest,48.329122372121844
1098,Postest,100
1099,Postest,28.126042808790576
1100,Postest,20.203079563331265
1101,Postest,20.203079563331265
1102,Postest,71.87395719120941
1103,Postest,71.87395719120941
1104,Postest,51.670877627878156
1105,Postest,0
1106,Postest,51.670877627878156
1107,Postest,71.87395719120941
1108,Postest,51.670877627878156
1109,Postest,51.670877627878156
1110,Postest,0
1111,Postest,28.126042808790576
1112,Postest,71.87395719120941
1113,Postest,51.670877627878156
1114,Postest,51.670877627878156
1115,Postest,79.79692043666874
1116,Postest,51.670877627878156
1117,Postest,100
1118,Postest,71.87395719120941
1119,Postest,71.87395719120941
1120,Postest,0
1121,Postest,79.79692043666874
1122,Postest,51.670877627878156
1123,Postest,20.203079563331265
1124,Postest,71.87395719120941
1125,Postest,28.126042808790576
1126,Postest,51.670877627878156
1127,Postest,51.670877627878156
1128,Postest,100
1129,Postest,51.670877627878156
1130,Postest,51.670877627878156
1131,Postest,51.670877627878156
1132,Postest,100
1133,Postest,51.670877627878156
1134,Postest,51.670877627878156
1135,Postest,100
1136,Postest,51.670877627878156
1137,Postest,51.670877627878156
1138,Postest,79.79692043666874
1139,Postest,0
1140,Postest,100
1141,Postest,28.126042808790576
1142,Postest,71.87395719120941
1143,Postest,51.670877627878156
1144,Postest,20.203079563331265
1145,Postest,79.79692043666874
1146,Postest,71.87395719120941
1147,Postest,51.670877627878156
1148,Postest,71.87395719120941
1149,Postest,100
1150,Postest,51.670877627878156
1151,Postest,51.670877627878156
1152,Postest,0
1153,Postest,48.329122372121844
1154,Postest,79.79692043666874
1155,Postest,0
1156,Postest,100
1157,Postest,100
1158,Postest,79.79692043666874
1159,Postest,20.203079563331265
1160,Postest,20.203079563331265
1161,Postest,0
1162,Postest,79.79692043666874
1163,Postest,51.670877627878156
1164,Postest,20.203079563331265
1165,Postest,51.670877627878156
1166,Postest,71.87395719120941
1167,Postest,51.670877627878156
1168,Postest,71.87395719120941
1169,Postest,0
1170,Postest,79.79692043666874
1171,Postest,71.87395719120941
1172,Postest,71.87395719120941
1173,Postest,100
1174,Postest,51.670877627878156
1175,Postest,51.670877627878156
1176,Postest,51.670877627878156
1177,Postest,51.670877627878156
1178,Postest,51.670877627878156
1179,Postest,51.670877627878156
1180,Postest,100
1181,Postest,28.126042808790576
1182,Postest,48.329122372121844
1183,Postest,51.670877627878156
1184,Postest,71.87395719120941
1185,Postest,0
1186,Postest,0
1187,Postest,51.670877627878156
1188,Postest,51.670877627878156
1189,Postest,28.126042808790576
1190,Postest,71.87395719120941
1191,Postest,71.87395719120941
1192,Postest,20.203079563331265
1193,Postest,51.670877627878156
1194,Postest,79.79692043666874
1195,Postest,28.126042808790576
1196,Postest,51.670877627878156
1197,Postest,51.670877627878156
1198,Postest,79.79692043666874
1199,Postest,100
1200,Postest,71.87395719120941
1201,Postest,0
1202,Postest,100
1203,Postest,71.87395719120941
1204,Postest,0
1205,Postest,51.670877627878156
1206,Postest,79.79692043666874
1207,Postest,71.87395719120941
1208,Postest,79.79692043666874
1209,Postest,71.87395719120941
1210,Postest,79.79692043666874
1211,Postest,0
1212,Postest,71.87395719120941
1213,Postest,51.670877627878156
1214,Postest,51.670877627878156
1215,Postest,79.79692043666874
1216,Postest,0
1217,Postest,20.203079563331265
1218,Postest,28.126042808790576
1219,Postest,79.79692043666874
1220,Postest,79.79692043666874
1221,Postest,51.670877627878156
1222,Postest,0
1223,Postest,79.79692043666874
1224,Postest,79.79692043666874
1225,Postest,71.87395719120941
1226,Postest,51.670877627878156
1227,Postest,51.670877627878156
1228,Postest,28.126042808790576
1229,Postest,0
1230,Postest,79.79692043666874
1231,Postest,51.670877627878156
1232,Postest,28.126042808790576
1233,Postest,79.79692043666874
1234,Postest,0
1235,Postest,0
1236,Postest,20.203079563331265
1237,Postest,51.670877627878156
1238,Postest,0
1239,Postest,20.203079563331265
1240,Postest,0
1241,Postest,51.670877627878156
1242,Postest,28.126042808790576
1243,Postest,20.203079563331265
1244,Postest,28.126042808790576
1245,Postest,51.670877627878156
1246,Postest,28.126042808790576
1247,Postest,28.126042808790576
1248,Postest,79.79692043666874
1249,Postest,0
1250,Postest,20.203079563331265
1251,Postest,79.79692043666874
1252,Postest,51.670877627878156
1253,Postest,79.79692043666874
1254,Postest,0
1255,Postest,79.79692043666874
1256,Postest,0
1257,Postest,0
1258,Postest,79.79692043666874
1259,Postest,20.203079563331265
1260,Postest,79.79692043666874
1261,Postest,51.670877627878156
1262,Postest,51.670877627878156
1263,Postest,51.670877627878156
1264,Postest,20.203079563331265
1265,Postest,0
1266,Postest,51.670877627878156
1267,Postest,79.79692043666874
1268,Postest,71.87395719120941
1269,Postest,0
1270,Postest,79.79692043666874
1271,Postest,51.670877627878156
1272,Postest,71.87395719120941
1273,Postest,51.670877627878156
1274,Postest,20.203079563331265
1275,Postest,71.87395719120941
1276,Postest,71.87395719120941
1277,Postest,51.670877627878156
1278,Postest,100
1279,Postest,71.87395719120941
1280,Postest,0
1281,Postest,71.87395719120941
1282,Postest,100
1283,Postest,100
1284,Postest,79.79692043666874
1285,Postest,51.670877627878156
1286,Postest,100
1287,Postest,51.670877627878156
1288,Postest,51.670877627878156
1289,Postest,100
1290,Postest,20.203079563331265
1291,Postest,20.203079563331265
1292,Postest,28.126042808790576
1293,Postest,79.79692043666874
1294,Postest,20.203079563331265
1295,Postest,71.87395719120941
1296,Postest,79.79692043666874
1297,Postest,48.329122372121844
1298,Postest,48.329122372121844
1299,Postest,28.126042808790576
1300,Postest,100
1301,Postest,0
1302,Postest,28.126042808790576
1303,Postest,51.670877627878156
1304,Postest,28.126042808790576
1305,Postest,51.670877627878156
1306,Postest,79.79692043666874
1307,Postest,51.670877627878156
1308,Postest,100
1309,Postest,79.79692043666874
1310,Postest,79.79692043666874
1311,Postest,51.670877627878156
1312,Postest,28.126042808790576
1313,Postest,51.670877627878156
1314,Postest,51.670877627878156
1315,Postest,100
1316,Postest,0
1317,Postest,51.670877627878156
1318,Postest,100
1319,Postest,0
1320,Postest,20.203079563331265
1321,Postest,79.79692043666874
1322,Postest,0
1323,Postest,51.670877627878156
1324,Postest,79.79692043666874
1325,Postest,79.79692043666874
1326,Postest,20.203079563331265
1327,Postest,51.670877627878156
1328,Postest,28.126042808790576
1329,Postest,51.670877627878156
1330,Postest,0
1331,Postest,79.79692043666874
1332,Postest,51.670877627878156
1333,Postest,71.87395719120941
1334,Postest,79.79692043666874
1335,Postest,51.670877627878156
1336,Postest,79.79692043666874
1337,Postest,51.670877627878156
1338,Postest,71.87395719120941
1339,Postest,51.670877627878156
1340,Postest,0
1341,Postest,20.203079563331265
1342,Postest,51.670877627878156
1343,Postest,71.87395719120941
1344,Postest,79.79692043666874
1345,Postest,71.87395719120941
1346,Postest,0
1347,Postest,20.203079563331265
1348,Postest,100
1349,Postest,71.87395719120941
1350,Postest,71.87395719120941
1351,Postest,51.670877627878156
1352,Postest,100
1353,Postest,71.87395719120941
1354,Postest,28.126042808790576
1355,Postest,79.79692043666874
1356,Postest,20.203079563331265
1357,Postest,0
1358,Postest,28.126042808790576
1359,Postest,0
1360,Postest,0
1361,Postest,71.87395719120941
1362,Postest,100
1363,Postest,79.79692043666874
1364,Postest,51.670877627878156
1365,Postest,51.670877627878156
1366,Postest,0
1367,Postest,100
1368,Postest,0
1369,Postest,28.126042808790576
1370,Postest,71.87395719120941
1371,Postest,51.670877627878156
1372,Postest,51.670877627878156
1373,Postest,20.203079563331265
1374,Postest,51.670877627878156
1375,Postest,100
1376,Postest,28.126042808790576
1377,Postest,100
1378,Postest,71.87395719120941
1379,Postest,51.670877627878156
1380,Postest,51.670877627878156
1381,Postest,0
1382,Postest,71.87395719120941
1383,Postest,28.126042808790576
1384,Postest,51.670877627878156
1385,Postest,51.670877627878156
1386,Postest,20.203079563331265
1387,Postest,100
1388,Postest,51.670877627878156
1389,Postest,20.203079563331265
1390,Postest,51.670877627878156
1391,Postest,51.670877627878156
1392,Postest,0
1393,Postest,28.126042808790576
1394,Postest,71.87395719120941
1395,Postest,20.203079563331265
1396,Postest,28.126042808790576
1397,Postest,100
1398,Postest,51.670877627878156
1399,Postest,28.126042808790576
1400,Postest,71.87395719120941
1401,Postest,79.79692043666874
1402,Postest,0
1403,Postest,0
1404,Postest,51.670877627878156
1405,Postest,51.670877627878156
1406,Postest,51.670877627878156
1407,Postest,71.87395719120941
1408,Postest,51.670877627878156
1409,Postest,0
1410,Postest,71.87395719120941
1411,Postest,79.79692043666874
1412,Postest,20.203079563331265
1413,Postest,20.203079563331265
1414,Postest,71.87395719120941
1415,Postest,0
1416,Postest,0
1417,Postest,71.87395719120941
1418,Postest,100
1419,Postest,0
1420,Postest,28.126042808790576
1421,Postest,20.203079563331265
1422,Postest,20.203079563331265
1423,Postest,71.87395719120941
1424,Postest,51.670877627878156
1425,Postest,79.79692043666874
1426,Postest,100
1427,Postest,51.670877627878156
1428,Postest,20.203079563331265
1429,Postest,51.670877627878156
1430,Postest,51.670877627878156
1431,Postest,51.670877627878156
1432,Postest,79.79692043666874
1433,Postest,0
1434,Postest,0
1435,Postest,51.670877627878156
1436,Postest,51.670877627878156
1437,Postest,20.203079563331265
1438,Postest,0
1439,Postest,0
1440,Postest,51.670877627878156
1441,Postest,71.87395719120941
1442,Postest,51.670877627878156
1443,Postest,100
1444,Postest,51.670877627878156
1445,Postest,100
1446,Postest,51.670877627878156
1447,Postest,79.79692043666874
1448,Postest,51.670877627878156
1449,Postest,0
1450,Postest,0
1451,Postest,71.87395719120941
1452,Postest,51.670877627878156
1453,Postest,0
1454,Postest,100
1455,Postest,79.79692043666874
1456,Postest,71.87395719120941
1457,Postest,51.670877627878156
1458,Postest,71.87395719120941
1459,Postest,79.79692043666874
1460,Postest,0
1461,Postest,51.670877627878156
1462,Postest,51.670877627878156
1463,Postest,71.87395719120941
1464,Postest,79.79692043666874
1465,Postest,79.79692043666874
1466,Postest,79.79692043666874
1467,Postest,100
1468,Postest,51.670877627878156
1469,Postest,51.670877627878156
1470,Postest,71.87395719120941
1471,Postest,48.329122372121844
1472,Postest,79.79692043666874
1473,Postest,0
1474,Postest,79.79692043666874
1475,Postest,51.670877627878156
1476,Postest,71.87395719120941
1477,Postest,71.87395719120941
1478,Postest,51.670877627878156
1479,Postest,28.126042808790576
1480,Postest,79.79692043666874
1481,Postest,79.79692043666874
1482,Postest,51.670877627878156
1483,Postest,28.126042808790576
1484,Postest,100
1485,Postest,0
1486,Postest,71.87395719120941
1487,Postest,51.670877627878156
1488,Postest,51.670877627878156
1489,Postest,51.670877627878156
1490,Postest,0
1491,Postest,28.126042808790576
1492,Postest,51.670877627878156
1493,Postest,0
1494,Postest,51.670877627878156
1495,Postest,100
1496,Postest,28.126042808790576
1497,Postest,51.670877627878156
1498,Postest,100
1499,Postest,100
1500,Postest,51.670877627878156
1501,Postest,51.670877627878156
